-- MySQL Administrator dump 1.4
--
-- ------------------------------------------------------
-- Server version	5.5.16


/*!40101 SET @OLD_CHARACTER_SET_CLIENT=@@CHARACTER_SET_CLIENT */;
/*!40101 SET @OLD_CHARACTER_SET_RESULTS=@@CHARACTER_SET_RESULTS */;
/*!40101 SET @OLD_COLLATION_CONNECTION=@@COLLATION_CONNECTION */;
/*!40101 SET NAMES utf8 */;

/*!40014 SET @OLD_UNIQUE_CHECKS=@@UNIQUE_CHECKS, UNIQUE_CHECKS=0 */;
/*!40014 SET @OLD_FOREIGN_KEY_CHECKS=@@FOREIGN_KEY_CHECKS, FOREIGN_KEY_CHECKS=0 */;
/*!40101 SET @OLD_SQL_MODE=@@SQL_MODE, SQL_MODE='NO_AUTO_VALUE_ON_ZERO' */;


--
-- Create schema SiPAS
--

CREATE DATABASE IF NOT EXISTS SiPAS;
USE SiPAS;
CREATE TABLE  `SiPAS`.`ATENCIONES` (
  `ID_ATEN` int(11) NOT NULL AUTO_INCREMENT,
  `RUT_FUNC` int(11) DEFAULT NULL,
  `RUT_PERS` int(11) DEFAULT NULL,
  `FECHA_ATEN` date DEFAULT NULL,
  `REGISTRO_ATEN` time DEFAULT NULL,
  `INICIO_ATEN` time DEFAULT NULL,
  `TERMINO_ATEN` time DEFAULT NULL,
  PRIMARY KEY (`ID_ATEN`)
) ENGINE=InnoDB DEFAULT CHARSET=latin1;
CREATE TABLE  `SiPAS`.`CALLESPASAJES` (
  `TIPO_CALL` varchar(100) NOT NULL,
  PRIMARY KEY (`TIPO_CALL`)
) ENGINE=InnoDB DEFAULT CHARSET=latin1;
INSERT INTO `SiPAS`.`CALLESPASAJES` VALUES  ('ALCAZAR'),
 ('AMUNATEGUI'),
 ('ARGOMEDO'),
 ('BALMACEDA'),
 ('BILBAO'),
 ('CARRERA'),
 ('CAUPOLICAN'),
 ('CENTENARIO'),
 ('CERRO'),
 ('CREPUSCULARIO'),
 ('CRUZ'),
 ('FERIA'),
 ('FREIRE'),
 ('LA ESTRELLA'),
 ('LYNCH'),
 ('MARTA GONZALEZ'),
 ('OCARROL'),
 ('OHIGGINS'),
 ('PINTO'),
 ('SAAVEDRA NORTE'),
 ('SAAVEDRA SUR'),
 ('SAN MARTIN'),
 ('SERRANO');
CREATE TABLE  `SiPAS`.`CIVILES` (
  `TIPO_CIVI` varchar(100) NOT NULL,
  PRIMARY KEY (`TIPO_CIVI`)
) ENGINE=InnoDB DEFAULT CHARSET=latin1;
INSERT INTO `SiPAS`.`CIVILES` VALUES  ('ANULADO'),
 ('CASADO'),
 ('DIVORCIADO'),
 ('SEPARADO'),
 ('SOLTERO'),
 ('VIUDO');
CREATE TABLE  `SiPAS`.`CONTRATO` (
  `TIPO_CONT` varchar(100) DEFAULT NULL
) ENGINE=InnoDB DEFAULT CHARSET=latin1;
INSERT INTO `SiPAS`.`CONTRATO` VALUES  ('HONORARIO'),
 ('PLANTA'),
 ('CONTRATA');
CREATE TABLE  `SiPAS`.`DIRECCIONES` (
  `RUT` int(11) NOT NULL AUTO_INCREMENT,
  `NUMERO_DIRE` int(11) DEFAULT NULL,
  `TELEFONO_DIRE` varchar(100) DEFAULT NULL,
  `COORDENADAS_DIRE` varchar(100) DEFAULT NULL,
  `TIPO_SECT` varchar(100) DEFAULT NULL,
  `TIPO_LOCA` varchar(100) DEFAULT NULL,
  `TIPO_POBL` varchar(100) DEFAULT NULL,
  `TIPO_CALL` varchar(100) DEFAULT NULL,
  PRIMARY KEY (`RUT`)
) ENGINE=InnoDB DEFAULT CHARSET=latin1;
CREATE TABLE  `SiPAS`.`ETNIAS` (
  `TIPO_ETNI` varchar(100) NOT NULL
) ENGINE=InnoDB DEFAULT CHARSET=latin1;
INSERT INTO `SiPAS`.`ETNIAS` VALUES  ('- NO TIENE -'),
 ('ATACAMEÑO'),
 ('AYMARA'),
 ('MAPUCHE'),
 ('PEHUENCHE'),
 ('PICUNCHE'),
 ('QUECHUA'),
 ('RAPA NUI');
CREATE TABLE  `SiPAS`.`FUNCIONARIOS` (
  `RUT_FUNC` int(11) NOT NULL,
  `DV_FUNC` varchar(1) DEFAULT NULL,
  `NOMBRE_FUNC` varchar(100) DEFAULT NULL,
  `PATERNO_FUNC` varchar(100) DEFAULT NULL,
  `MATERNO_FUNC` varchar(100) DEFAULT NULL,
  `NACIMIENTO_FUNC` date DEFAULT NULL,
  `CELULAR_FUNC` varchar(100) DEFAULT NULL,
  `EMAIL_FUNC` varchar(100) DEFAULT NULL,
  `CLAVE_FUNC` varchar(100) DEFAULT NULL,
  `TIPO_ETNI` varchar(100) DEFAULT NULL,
  `TIPO_CIVI` varchar(100) DEFAULT NULL,
  `TIPO_SEXO` varchar(100) DEFAULT NULL,
  `TIPO_RANG` varchar(100) DEFAULT NULL,
  `TIPO_CONT` varchar(100) DEFAULT NULL,
  PRIMARY KEY (`RUT_FUNC`)
) ENGINE=InnoDB DEFAULT CHARSET=latin1;
INSERT INTO `SiPAS`.`FUNCIONARIOS` VALUES  (5941597,'1','JOSE LUIS','GALDAMES','MOLINA','1980-12-30','79082500','joseluisgaldames24@gmail.com','1','- NO TIENE -','CASADO','MASCULINO','BODEGUERO','PLANTA'),
 (6095211,'6','IRMA EDITH','VALDEBENITO','MOLINA','1980-12-30','0','felipatric@yahoo.es','1','- NO TIENE -','CASADO','FEMENINO','SECRETARIA','PLANTA'),
 (7304458,'8','YOLA OLAYA','SALGADO','VEGA','1980-12-30','0','yolasv@gmail.com','1','- NO TIENE -','SOLTERO','FEMENINO','ADMINISTRATIVO','PLANTA'),
 (8107401,'1','LEOPOLDO','ROSALES','NEIRA','1980-12-30','0','alcaldiacollipulli1@gamil.com','1','- NO TIENE -','CASADO','MASCULINO','ALCALDE','CONTRATA'),
 (9360290,'0','JUAN ARTURO','ULLOA','TORRES','1980-12-30','0','no@no.cl','1','- NO TIENE -','CASADO','MASCULINO','CONDUCTOR','PLANTA'),
 (9423543,'K','TERESA MAGDALENA','DIAZ','LAGOS','1980-12-30','93067168','terejove@yahoo.es','1','- NO TIENE -','CASADO','FEMENINO','PROFESIONAL','PLANTA'),
 (9621408,'1','ANA MARIA','NAVARRETE','HIGUERAS','1980-12-30','93064585','anavhi@hotmail.com','1','- NO TIENE -','SOLTERO','FEMENINO','PROFESIONAL','HONORARIO'),
 (9816157,'0','LILIAN ELIZABETH','JOUANET','MARIN','1980-12-30','0','lilyjouanet@yahoo.com','1','- NO TIENE -','CASADO','FEMENINO','ENCARGADO PROGRAMA','PLANTA'),
 (10771236,'4','PAMELA ESTELA','CRUZ','RIQUELME','1980-12-30','87410685','palitacruz@yahoo.es','1','- NO TIENE -','CASADO','FEMENINO','ENCARGADO PROGRAMA','PLANTA'),
 (10905027,'K','BEATRIZ GENOVEVA','PRADO','HUAIQUIL','1990-12-30','72741743','beitabuk@yahoo.es','1','- NO TIENE -','SOLTERO','FEMENINO','PROFESIONAL','CONTRATA'),
 (11000305,'6','GISELLA LORETO','LAGOS','MUñOZ','1980-12-30','75667185','lourma29@yahoo.es','1','- NO TIENE -','SOLTERO','FEMENINO','PROFESIONAL','CONTRATA'),
 (11582580,'1','PAOLA ANDREA','MARTINEZ','ITURRA','1980-12-30','91297123','didecocollipulli7@gmail.com','1','- NO TIENE - ','SOLTERO','FEMENINO','DIRECTOR','PLANTA'),
 (11620032,'5','XIMENA ANDREA','FICA','VALENZUELA','1980-12-30','0','opdmallecosur@gmail.com','1','- NO TIENE -','SOLTERO','FEMENINO','ENCARGADO PROGRAMA','HONORARIO'),
 (11632134,'3','FELIPE','MORALES','PALACIOS','1969-12-28','92452640','felipe_morales_palacios@hotmail.com','1','- NO TIENE -','DIVORCIADO','MASCULINO','ADMINISTRADOR','HONORARIO'),
 (11988673,'2','MIRTA GUADALUPE','HERRERA','CALLINIR','1980-12-30','78568132','mherrerac1212@gmail.com','1','- NO TIENE -','CASADO','FEMENINO','ADMINISTRATIVO','PLANTA'),
 (12020651,'6','SILVANA ANDREA','GOMEZ','CORREA','1980-12-30','81308972','opdmallecosur@gmail.com','1','- NO TIENE -','CASADO','FEMENINO','SECRETARIA','HONORARIO'),
 (12534187,'K','PATRICIA ALEJANDRA','RUBILAR','ULLOA','1980-12-30','0','opdmallecosur@gmail.com','1','- NO TIENE -','SOLTERO','FEMENINO','PROFESIONAL','HONORARIO'),
 (12733936,'8','EMA ALEJANDRA','MOLINA','RIQUELME','1990-12-30','0','alcaldiacollipulli1@gmail.com','1','- NO TIENE -','CASADO','FEMENINO','SECRETARIA','CONTRATA'),
 (12735541,'K','NABIA ALEJANDRA','YAñEZ','COFRE','1980-12-30','0','nayc2009@gmail.com','1','- NO TIENE -','SOLTERO','FEMENINO','PROFESIONAL','HONORARIO'),
 (12772746,'5','LILIAN JACQUELINE','MENDEZ','GARRIDO','1980-12-30','90848003','lilymen@gmail.com','1','- NO TIENE -','CASADO','FEMENINO','PROFESIONAL','CONTRATA'),
 (13114551,'9','CARMEN LUZ','SILVA','QUEZADA','1990-12-30','98561159','conycarmen82@yahoo.es','1','- NO TIENE -','SOLTERO','FEMENINO','PROFESIONAL','HONORARIO'),
 (13119763,'2','WLADIMIR ALEJANDRO','MORAGA','LUNA','1980-12-30','0','wladimirmoragaluna@gmail.com','1','- NO TIENE -','SOLTERO','MASCULINO','ENCARGADO PROGRAMA','HONORARIO'),
 (13151345,'3','MARLENE ELIANA','INOSTROZA','LAVIN','1980-12-30','82024206','inostrozalavin@gmail.com','1','- NO TIENE -','SOLTERO','FEMENINO','SECRETARIA','HONORARIO'),
 (13347374,'2','EDUARDO ANTONIO','AGUILA','BAIER','1980-12-30','98748574','geografo@gmail.com','1','- NO TIENE -','SOLTERO','MASCULINO','PROFESIONAL','HONORARIO'),
 (13807487,'0','CLAUDIA ANDREA','RAMIREZ','NARVAEZ','1990-12-30','77582609','cramireznarvaez@hotmail.com','1','- NO TIENE -','CASADO','FEMENINO','ENCARGADO PROGRAMA','PLANTA'),
 (13808493,'0','CARLA MARIANNE','SAN MARTIN','ESCARES','1990-12-30','0','no@tiene.cl','1','- NO TIENE -','SOLTERO','FEMENINO','PROFESIONAL','HONORARIO'),
 (13961970,'6','FRANCISCO JAVIER','PAREJA','ARELLANO','1980-12-30','0','franciscoparellano@yahoo.es','1','- NO TIENE -','CASADO','MASCULINO','PROFESIONAL','HONORARIO'),
 (14032814,'6','TAMARA GISELLA','VILCHES','MELGAREJO','1980-12-30','75787428','tavilches@gmail.com','1','- NO TIENE -','CASADO','FEMENINO','ENCARGADO PROGRAMA','HONORARIO'),
 (14219291,'8','JOHANNA ELIZABETH','GONZALEZ','CHACON','1980-12-30','81408667','no@no.cl','1','- NO TIENE -','SOLTERO','FEMENINO','PROFESIONAL','HONORARIO'),
 (14332913,'5','VICTOR ESTEBAN','SILVA','DIAZ','1980-12-30','0','villaninoscollipulli@gmail.com','1','- NO TIENE -','SOLTERO','MASCULINO','ADMINISTRATIVO','HONORARIO'),
 (14333226,'8','JORGE RODRIGO','RUIZ','PAREDES','1980-12-30','96744684','guest2577@gmail.com','1','- NO TIENE -','CASADO','MASCULINO','ADMINISTRATIVO','HONORARIO'),
 (14360390,'3','ROBERTO HERNAN','SOTO','FUENTES','1980-12-30','65899875','rher24@hotmail.com','1','- NO TIENE -','CASADO','MASCULINO','CONDUCTOR','PLANTA'),
 (14533029,'7','ALICIA MAGDALENA','MORENO','SEPULVEDA','1980-12-30','90768302','magdalena.moreno@yahoo.com','1','- NO TIENE -','SOLTERO','FEMENINO','PROFESIONAL','CONTRATA'),
 (15228425,'K','MONICA NATALIA','RISSO','CELIS','1980-12-30','62374383','monicarisso_1984@live.com','1','- NO TIENE -','SOLTERO','FEMENINO','PROFESIONAL','HONORARIO'),
 (15229228,'7','EDUARDO ALBERTO','MUñOZ','VENEGAS','1990-12-30','0','no@tiene.cl','1','- NO TIENE -','CASADO','MASCULINO','PROFESIONAL','HONORARIO'),
 (15256367,'1','KARIN ELIZABETH','SAAVEDRA','MARTINEZ','1980-12-30','96767098','villaninoscollipulli@gmail.com','1','- NO TIENE -','SOLTERO','FEMENINO','ENCARGADO PROGRAMA','HONORARIO'),
 (15260259,'6','MARIA ANDREA','CHAVEZ','BUSTOS','1980-12-30','87485020','opdmallecosur@gmail.com','1','- NO TIENE -','SOLTERO','FEMENINO','PROFESIONAL','HONORARIO'),
 (15317261,'7','TAMARA PILAR','GUZMAN','SAMUR','1980-12-30','0','opdmallecosur@gmail.com','1','- NO TIENE -','SOLTERO','FEMENINO','PROFESIONAL','HONORARIO'),
 (15513525,'5','INES ALEJANDRA','BALBOA','MONROY','1980-12-30','95050470','inesbalboa.gmail.com','1','- NO TIENE -','CASADO','FEMENINO','SECRETARIA','HONORARIO'),
 (15550164,'2','MICHEL ENRIQUE','MERMOAUD','FUENTEALBA','1990-12-30','0','michel2091@hotmail.com','1','- NO TIENE -','SOLTERO','MASCULINO','PROFESIONAL','HONORARIO'),
 (15554035,'4','EDUARDO ANDRES','HERNANDEZ','SCHMIDT','1990-12-30','88653943','collipullicultura@gmail.com','1','- NO TIENE -','SOLTERO','MASCULINO','ENCARGADO PROGRAMA','HONORARIO'),
 (15865192,'0','JESSICA LORETO','SALAMANCA','PONCE','1990-12-30','0','no@tiene.cl','1','- NO TIENE -','SOLTERO','FEMENINO','PROFESIONAL','HONORARIO'),
 (15943604,'7','KARINA DEL CARMEN','VENEGAS','CORDOVA','1980-12-30','82705366','kavenegasc@gmail.com','1','- NO TIENE -','SOLTERO','FEMENINO','ENCARGADO PROGRAMA','HONORARIO'),
 (16235074,'9','LORENA ALEJANDRA','VERDUGO','SALINAS','1980-12-30','90752977','lorena.verdugo@hotmail.com','1','- NO TIENE -','CASADO','FEMENINO','ENCARGADO PROGRAMA','HONORARIO'),
 (16238864,'9','FRANCISCO JAVIER','LUCERO','BRAVO','1980-12-30','0','fjlucerob@gmail.com','1','- NO TIENE -','SOLTERO','MASCULINO','PROFESIONAL','HONORARIO'),
 (17287839,'3','FERNANDO RODRIGO','MARDONES','HERRERA','1990-12-30','0','mrdones_frnan2@hotmail.com','1','- NO TIENE -','SOLTERO','MASCULINO','PROFESIONAL','HONORARIO'),
 (17485651,'6','DOMINIQUE SOLANGE','FIGUEROA','SEGURA','1990-05-08','76614232','dominiquefigueroa@hotmail.com','1','- NO TIENE -','SOLTERO','FEMENINO','PROFESIONAL','HONORARIO'),
 (18999922,'4','YESENIA MARIA','MOSQUEIRA','VALENZUELA','1990-12-30','0','notiene@pp.cl','1','- NO TIENE -','SOLTERO','FEMENINO','SECRETARIA','HONORARIO');
CREATE TABLE  `SiPAS`.`LOCALIDADES` (
  `TIPO_LOCA` varchar(100) NOT NULL,
  PRIMARY KEY (`TIPO_LOCA`)
) ENGINE=InnoDB DEFAULT CHARSET=latin1;
INSERT INTO `SiPAS`.`LOCALIDADES` VALUES  ('ALTO LINCO'),
 ('ANTONIO MELINAO'),
 ('ANTONIO PAILLACOI'),
 ('ANTONIO PANITRU'),
 ('BAJO MAICA'),
 ('BAJO MALLECO'),
 ('CAILLIN'),
 ('CANADA'),
 ('CATRIO ÑANCUL'),
 ('CEMENTERIO 5'),
 ('CHIGUAYHUE'),
 ('COLIHUINCA TORI'),
 ('COLLIPULLI'),
 ('CURACO'),
 ('EL AIRE'),
 ('EL AVELLANO'),
 ('EL BOLDO'),
 ('EL CATORCE'),
 ('EL EDEN'),
 ('EL ENCINAR'),
 ('EL MULITO'),
 ('EL NOGAL'),
 ('EL PINO'),
 ('EL PROGRESO'),
 ('EL RADAL'),
 ('EL SOL'),
 ('FRENCISCO LEVIPAN'),
 ('HUAPITRIO'),
 ('IGNACIO LEVIO MARIQUEO'),
 ('JOSE MIGUEL CARRERA'),
 ('JUAN AHILLA VARELA'),
 ('JUAN DE DIOS LIEN'),
 ('JUAN ÑANCUL'),
 ('JUAN PICHILEMN'),
 ('LA BOMBILLA'),
 ('LA ESPERANZA'),
 ('LA SUERTE'),
 ('LA UNION'),
 ('LAS AGUILAS'),
 ('LAS TOSCAS'),
 ('LINCO'),
 ('LINCO ORIENTE'),
 ('LINCO PONIENTE'),
 ('LOLCURA'),
 ('LONCOMAHUIDA'),
 ('LONCOMAHUIDA ALTO'),
 ('LOS AROMOS'),
 ('LOS CASTAÑOS'),
 ('LOS GUINDOS'),
 ('MAICA'),
 ('MANUEL RODRIGUEZ'),
 ('MARIANO TORI'),
 ('MENUCO'),
 ('MIGUEL HUENTELEN'),
 ('ÑANCUL PAILA'),
 ('NIBLINTO'),
 ('PEMULEMU'),
 ('PERASCO'),
 ('PERQUELAUQUEN'),
 ('PICHICAILLIN'),
 ('QUILQUIHUENCO'),
 ('RAUCO'),
 ('RIO AMARGO'),
 ('RUPERTO HUENUPI'),
 ('SALTO CHANCAGUA'),
 ('SAN ANDRES'),
 ('SAN FERNANDO'),
 ('SAN JORGE'),
 ('SANTA EMA'),
 ('SANTA JULIA'),
 ('SANTA LUISA'),
 ('SURCO Y SEMILLA'),
 ('VENECIA'),
 ('VICTORIA UNIDA'),
 ('VIVA CHILE');
CREATE TABLE  `SiPAS`.`PERSONAS` (
  `RUT_PERS` int(11) NOT NULL,
  `DV_PERS` varchar(1) DEFAULT NULL,
  `NOMBRE_PERS` varchar(100) DEFAULT NULL,
  `PATERNO_PERS` varchar(100) DEFAULT NULL,
  `MATERNO_PERS` varchar(100) DEFAULT NULL,
  `NACIMIENTO_PERS` date DEFAULT NULL,
  `CELULAR_PERS` varchar(100) DEFAULT NULL,
  `EMAIL_PERS` varchar(100) DEFAULT NULL,
  `TIPO_SEXO` varchar(100) DEFAULT NULL,
  `TIPO_CIVI` varchar(100) DEFAULT NULL,
  `TIPO_ETNI` varchar(100) DEFAULT NULL,
  PRIMARY KEY (`RUT_PERS`)
) ENGINE=InnoDB DEFAULT CHARSET=latin1;
CREATE TABLE  `SiPAS`.`POBLACIONESVILLAS` (
  `TIPO_POBL` varchar(100) NOT NULL,
  PRIMARY KEY (`TIPO_POBL`)
) ENGINE=InnoDB DEFAULT CHARSET=latin1;
INSERT INTO `SiPAS`.`POBLACIONESVILLAS` VALUES  ('- NO APLICA -'),
 ('AYELEN'),
 ('BICENTENARIO'),
 ('COLLIPULLI'),
 ('COLON'),
 ('LASTARRIAS'),
 ('LOS GIRASOLES'),
 ('LUIS EBERHARD'),
 ('MIRADOR'),
 ('PABLO NERUDA'),
 ('ROMAN FRANCOISE'),
 ('SALVADOR ALLENDE'),
 ('TIERRAS COLORADAS'),
 ('VIOLETA PARRA');
CREATE TABLE  `SiPAS`.`PROGFUNC` (
  `ID_PF` int(11) NOT NULL AUTO_INCREMENT,
  `RUT_FUNC` int(11) DEFAULT NULL,
  `TIPO_PROG` varchar(100) DEFAULT NULL,
  PRIMARY KEY (`ID_PF`)
) ENGINE=InnoDB AUTO_INCREMENT=3 DEFAULT CHARSET=latin1;
INSERT INTO `SiPAS`.`PROGFUNC` VALUES  (1,11632134,'DIDECO'),
 (2,11777666,'SECRETARIA');
CREATE TABLE  `SiPAS`.`PROGRAMAS` (
  `TIPO_PROG` varchar(100) NOT NULL,
  PRIMARY KEY (`TIPO_PROG`)
) ENGINE=InnoDB DEFAULT CHARSET=latin1;
INSERT INTO `SiPAS`.`PROGRAMAS` VALUES  ('ADULTO MAYOR'),
 ('BODEGUERO'),
 ('CULTURA'),
 ('DEPORTE'),
 ('DIDECO'),
 ('DISCAPACIDAD'),
 ('FIPROS'),
 ('INFANCIA'),
 ('INFORMATICA'),
 ('JOVENES'),
 ('MEDIO AMBIENTE'),
 ('ORGANIZACIONES COMUNITARIAS'),
 ('PROGRAMA PUENTE'),
 ('SECRETARIA'),
 ('SENDA'),
 ('SUBSIDIOS'),
 ('VINCULOS');
CREATE TABLE  `SiPAS`.`RANGOS` (
  `TIPO_RANG` varchar(100) NOT NULL,
  PRIMARY KEY (`TIPO_RANG`)
) ENGINE=InnoDB DEFAULT CHARSET=latin1;
INSERT INTO `SiPAS`.`RANGOS` VALUES  ('ADMINISTRADOR'),
 ('ADMINISTRATIVO'),
 ('ALCALDE'),
 ('BODEGUERO'),
 ('CONDUCTOR'),
 ('DIRECTOR'),
 ('ENCARGADO PROGRAMA'),
 ('PROFESIONAL'),
 ('SECRETARIA');
CREATE TABLE  `SiPAS`.`SECTORES` (
  `TIPO_SECT` varchar(100) NOT NULL,
  PRIMARY KEY (`TIPO_SECT`)
) ENGINE=InnoDB DEFAULT CHARSET=latin1;
INSERT INTO `SiPAS`.`SECTORES` VALUES  ('RURAL'),
 ('URBANO');
CREATE TABLE  `SiPAS`.`SEXOS` (
  `TIPO_SEXO` varchar(100) NOT NULL,
  PRIMARY KEY (`TIPO_SEXO`)
) ENGINE=InnoDB DEFAULT CHARSET=latin1;
INSERT INTO `SiPAS`.`SEXOS` VALUES  ('FEMENINO'),
 ('MASCULINO');
CREATE TABLE  `SiPAS`.`devuelto` (
  `id_check` int(11) NOT NULL AUTO_INCREMENT,
  `id_cargo` int(11) NOT NULL,
  `numero_factura` varchar(15) NOT NULL,
  `valor` int(11) NOT NULL,
  `fecha` datetime NOT NULL,
  PRIMARY KEY (`id_check`)
) ENGINE=MyISAM AUTO_INCREMENT=621 DEFAULT CHARSET=utf8;
INSERT INTO `SiPAS`.`devuelto` VALUES  (1,2,'849',0,'0000-00-00 00:00:00'),
 (2,3,'849',0,'0000-00-00 00:00:00'),
 (3,4,'849',0,'0000-00-00 00:00:00'),
 (4,5,'849',0,'0000-00-00 00:00:00'),
 (5,6,'849',0,'0000-00-00 00:00:00'),
 (6,7,'849',0,'0000-00-00 00:00:00'),
 (7,8,'849',0,'0000-00-00 00:00:00'),
 (8,9,'849',0,'0000-00-00 00:00:00'),
 (9,10,'849',0,'0000-00-00 00:00:00'),
 (10,11,'849',0,'0000-00-00 00:00:00'),
 (11,2,'847',0,'0000-00-00 00:00:00'),
 (12,3,'847',0,'0000-00-00 00:00:00'),
 (13,4,'847',0,'0000-00-00 00:00:00'),
 (14,5,'847',0,'0000-00-00 00:00:00'),
 (15,6,'847',0,'0000-00-00 00:00:00'),
 (16,7,'847',0,'0000-00-00 00:00:00'),
 (17,8,'847',0,'0000-00-00 00:00:00'),
 (18,9,'847',0,'0000-00-00 00:00:00'),
 (19,10,'847',0,'0000-00-00 00:00:00'),
 (20,11,'847',0,'0000-00-00 00:00:00'),
 (21,2,'848',0,'0000-00-00 00:00:00'),
 (22,3,'848',0,'0000-00-00 00:00:00'),
 (23,4,'848',0,'0000-00-00 00:00:00'),
 (24,5,'848',0,'0000-00-00 00:00:00'),
 (25,6,'848',0,'0000-00-00 00:00:00'),
 (26,7,'848',0,'0000-00-00 00:00:00'),
 (27,8,'848',0,'0000-00-00 00:00:00'),
 (28,9,'848',0,'0000-00-00 00:00:00'),
 (29,10,'848',0,'0000-00-00 00:00:00'),
 (30,11,'848',0,'0000-00-00 00:00:00'),
 (31,2,'847',0,'0000-00-00 00:00:00'),
 (32,3,'847',0,'0000-00-00 00:00:00'),
 (33,4,'847',0,'0000-00-00 00:00:00'),
 (34,5,'847',0,'0000-00-00 00:00:00'),
 (35,6,'847',0,'0000-00-00 00:00:00'),
 (36,7,'847',0,'0000-00-00 00:00:00'),
 (37,8,'847',0,'0000-00-00 00:00:00'),
 (38,9,'847',0,'0000-00-00 00:00:00'),
 (39,10,'847',0,'0000-00-00 00:00:00'),
 (40,11,'847',0,'0000-00-00 00:00:00'),
 (41,2,'848',0,'0000-00-00 00:00:00'),
 (42,3,'848',0,'0000-00-00 00:00:00'),
 (43,4,'848',0,'0000-00-00 00:00:00'),
 (44,5,'848',0,'0000-00-00 00:00:00'),
 (45,6,'848',0,'0000-00-00 00:00:00'),
 (46,7,'848',0,'0000-00-00 00:00:00'),
 (47,8,'848',0,'0000-00-00 00:00:00'),
 (48,9,'848',0,'0000-00-00 00:00:00'),
 (49,10,'848',0,'0000-00-00 00:00:00'),
 (50,11,'848',0,'0000-00-00 00:00:00'),
 (51,2,'849',0,'0000-00-00 00:00:00'),
 (52,3,'849',0,'0000-00-00 00:00:00'),
 (53,4,'849',0,'0000-00-00 00:00:00'),
 (54,5,'849',0,'0000-00-00 00:00:00'),
 (55,6,'849',0,'0000-00-00 00:00:00'),
 (56,7,'849',0,'0000-00-00 00:00:00'),
 (57,8,'849',0,'0000-00-00 00:00:00'),
 (58,9,'849',0,'0000-00-00 00:00:00'),
 (59,10,'849',0,'0000-00-00 00:00:00'),
 (60,11,'849',0,'0000-00-00 00:00:00'),
 (61,2,'47546',0,'0000-00-00 00:00:00'),
 (62,3,'47546',0,'0000-00-00 00:00:00'),
 (63,4,'47546',0,'0000-00-00 00:00:00'),
 (64,5,'47546',0,'0000-00-00 00:00:00'),
 (65,6,'47546',0,'0000-00-00 00:00:00'),
 (66,7,'47546',0,'0000-00-00 00:00:00'),
 (67,8,'47546',0,'0000-00-00 00:00:00'),
 (68,9,'47546',0,'0000-00-00 00:00:00'),
 (69,10,'47546',0,'0000-00-00 00:00:00'),
 (70,11,'47546',0,'0000-00-00 00:00:00'),
 (71,2,'815',0,'0000-00-00 00:00:00'),
 (72,3,'815',0,'0000-00-00 00:00:00'),
 (73,4,'815',0,'0000-00-00 00:00:00'),
 (74,5,'815',0,'0000-00-00 00:00:00'),
 (75,6,'815',0,'0000-00-00 00:00:00'),
 (76,7,'815',0,'0000-00-00 00:00:00'),
 (77,8,'815',0,'0000-00-00 00:00:00'),
 (78,9,'815',0,'0000-00-00 00:00:00'),
 (79,10,'815',0,'0000-00-00 00:00:00'),
 (80,11,'815',0,'0000-00-00 00:00:00'),
 (81,2,'814',0,'0000-00-00 00:00:00'),
 (82,3,'814',0,'0000-00-00 00:00:00'),
 (83,4,'814',0,'0000-00-00 00:00:00'),
 (84,5,'814',0,'0000-00-00 00:00:00'),
 (85,6,'814',0,'0000-00-00 00:00:00'),
 (86,7,'814',0,'0000-00-00 00:00:00'),
 (87,8,'814',0,'0000-00-00 00:00:00'),
 (88,9,'814',0,'0000-00-00 00:00:00'),
 (89,10,'814',0,'0000-00-00 00:00:00'),
 (90,11,'814',0,'0000-00-00 00:00:00'),
 (91,2,'418123',0,'0000-00-00 00:00:00'),
 (92,3,'418123',0,'0000-00-00 00:00:00'),
 (93,4,'418123',0,'0000-00-00 00:00:00'),
 (94,5,'418123',0,'0000-00-00 00:00:00'),
 (95,6,'418123',0,'0000-00-00 00:00:00'),
 (96,7,'418123',0,'0000-00-00 00:00:00'),
 (97,8,'418123',0,'0000-00-00 00:00:00'),
 (98,9,'418123',0,'0000-00-00 00:00:00'),
 (99,10,'418123',0,'0000-00-00 00:00:00'),
 (100,11,'418123',0,'0000-00-00 00:00:00'),
 (101,2,'238',0,'0000-00-00 00:00:00'),
 (102,3,'238',0,'0000-00-00 00:00:00'),
 (103,4,'238',0,'0000-00-00 00:00:00'),
 (104,5,'238',0,'0000-00-00 00:00:00'),
 (105,6,'238',0,'0000-00-00 00:00:00'),
 (106,7,'238',0,'0000-00-00 00:00:00'),
 (107,8,'238',0,'0000-00-00 00:00:00'),
 (108,9,'238',0,'0000-00-00 00:00:00'),
 (109,10,'238',0,'0000-00-00 00:00:00'),
 (110,11,'238',0,'0000-00-00 00:00:00'),
 (111,2,'2278740',0,'0000-00-00 00:00:00'),
 (112,3,'2278740',0,'0000-00-00 00:00:00'),
 (113,4,'2278740',0,'0000-00-00 00:00:00'),
 (114,5,'2278740',0,'0000-00-00 00:00:00'),
 (115,6,'2278740',0,'0000-00-00 00:00:00'),
 (116,7,'2278740',0,'0000-00-00 00:00:00'),
 (117,8,'2278740',0,'0000-00-00 00:00:00'),
 (118,9,'2278740',0,'0000-00-00 00:00:00'),
 (119,10,'2278740',0,'0000-00-00 00:00:00'),
 (120,11,'2278740',0,'0000-00-00 00:00:00'),
 (121,2,'2196809',0,'0000-00-00 00:00:00'),
 (122,3,'2196809',0,'0000-00-00 00:00:00'),
 (123,4,'2196809',0,'0000-00-00 00:00:00'),
 (124,5,'2196809',0,'0000-00-00 00:00:00'),
 (125,6,'2196809',0,'0000-00-00 00:00:00'),
 (126,7,'2196809',0,'0000-00-00 00:00:00'),
 (127,8,'2196809',0,'0000-00-00 00:00:00'),
 (128,9,'2196809',0,'0000-00-00 00:00:00'),
 (129,10,'2196809',0,'0000-00-00 00:00:00'),
 (130,11,'2196809',0,'0000-00-00 00:00:00'),
 (131,2,'2275302',0,'0000-00-00 00:00:00'),
 (132,3,'2275302',0,'0000-00-00 00:00:00'),
 (133,4,'2275302',0,'0000-00-00 00:00:00'),
 (134,5,'2275302',0,'0000-00-00 00:00:00'),
 (135,6,'2275302',0,'0000-00-00 00:00:00'),
 (136,7,'2275302',0,'0000-00-00 00:00:00'),
 (137,8,'2275302',0,'0000-00-00 00:00:00'),
 (138,9,'2275302',0,'0000-00-00 00:00:00'),
 (139,10,'2275302',0,'0000-00-00 00:00:00'),
 (140,11,'2275302',0,'0000-00-00 00:00:00'),
 (141,2,'11324',0,'0000-00-00 00:00:00'),
 (142,3,'11324',0,'0000-00-00 00:00:00'),
 (143,4,'11324',0,'0000-00-00 00:00:00'),
 (144,5,'11324',0,'0000-00-00 00:00:00'),
 (145,6,'11324',0,'0000-00-00 00:00:00'),
 (146,7,'11324',0,'0000-00-00 00:00:00'),
 (147,8,'11324',0,'0000-00-00 00:00:00'),
 (148,9,'11324',0,'0000-00-00 00:00:00'),
 (149,10,'11324',0,'0000-00-00 00:00:00'),
 (150,11,'11324',0,'0000-00-00 00:00:00'),
 (151,2,'2835',0,'0000-00-00 00:00:00'),
 (152,3,'2835',0,'0000-00-00 00:00:00'),
 (153,4,'2835',0,'0000-00-00 00:00:00'),
 (154,5,'2835',0,'0000-00-00 00:00:00'),
 (155,6,'2835',0,'0000-00-00 00:00:00'),
 (156,7,'2835',0,'0000-00-00 00:00:00'),
 (157,8,'2835',0,'0000-00-00 00:00:00'),
 (158,9,'2835',0,'0000-00-00 00:00:00'),
 (159,10,'2835',0,'0000-00-00 00:00:00'),
 (160,11,'2835',0,'0000-00-00 00:00:00'),
 (161,2,'2390',0,'0000-00-00 00:00:00'),
 (162,3,'2390',0,'0000-00-00 00:00:00'),
 (163,4,'2390',0,'0000-00-00 00:00:00'),
 (164,5,'2390',0,'0000-00-00 00:00:00'),
 (165,6,'2390',0,'0000-00-00 00:00:00'),
 (166,7,'2390',0,'0000-00-00 00:00:00'),
 (167,8,'2390',0,'0000-00-00 00:00:00'),
 (168,9,'2390',0,'0000-00-00 00:00:00'),
 (169,10,'2390',0,'0000-00-00 00:00:00'),
 (170,11,'2390',0,'0000-00-00 00:00:00'),
 (171,2,'901',0,'0000-00-00 00:00:00'),
 (172,3,'901',0,'0000-00-00 00:00:00'),
 (173,4,'901',0,'0000-00-00 00:00:00'),
 (174,5,'901',0,'0000-00-00 00:00:00'),
 (175,6,'901',0,'0000-00-00 00:00:00'),
 (176,7,'901',0,'0000-00-00 00:00:00'),
 (177,8,'901',0,'0000-00-00 00:00:00'),
 (178,9,'901',0,'0000-00-00 00:00:00'),
 (179,10,'901',0,'0000-00-00 00:00:00'),
 (180,11,'901',0,'0000-00-00 00:00:00'),
 (181,2,'899',0,'0000-00-00 00:00:00'),
 (182,3,'899',0,'0000-00-00 00:00:00'),
 (183,4,'899',0,'0000-00-00 00:00:00'),
 (184,5,'899',0,'0000-00-00 00:00:00'),
 (185,6,'899',0,'0000-00-00 00:00:00'),
 (186,7,'899',0,'0000-00-00 00:00:00'),
 (187,8,'899',0,'0000-00-00 00:00:00'),
 (188,9,'899',0,'0000-00-00 00:00:00'),
 (189,10,'899',0,'0000-00-00 00:00:00'),
 (190,11,'899',0,'0000-00-00 00:00:00'),
 (191,2,'900',0,'0000-00-00 00:00:00'),
 (192,3,'900',0,'0000-00-00 00:00:00'),
 (193,4,'900',0,'0000-00-00 00:00:00'),
 (194,5,'900',0,'0000-00-00 00:00:00'),
 (195,6,'900',0,'0000-00-00 00:00:00'),
 (196,7,'900',0,'0000-00-00 00:00:00'),
 (197,8,'900',0,'0000-00-00 00:00:00'),
 (198,9,'900',0,'0000-00-00 00:00:00'),
 (199,10,'900',0,'0000-00-00 00:00:00'),
 (200,11,'900',0,'0000-00-00 00:00:00'),
 (201,2,'572',0,'0000-00-00 00:00:00'),
 (202,3,'572',0,'0000-00-00 00:00:00'),
 (203,4,'572',0,'0000-00-00 00:00:00'),
 (204,5,'572',0,'0000-00-00 00:00:00'),
 (205,6,'572',0,'0000-00-00 00:00:00'),
 (206,7,'572',0,'0000-00-00 00:00:00'),
 (207,8,'572',0,'0000-00-00 00:00:00'),
 (208,9,'572',0,'0000-00-00 00:00:00'),
 (209,10,'572',0,'0000-00-00 00:00:00'),
 (210,11,'572',0,'0000-00-00 00:00:00'),
 (211,2,'571',0,'0000-00-00 00:00:00'),
 (212,3,'571',0,'0000-00-00 00:00:00'),
 (213,4,'571',0,'0000-00-00 00:00:00'),
 (214,5,'571',0,'0000-00-00 00:00:00'),
 (215,6,'571',0,'0000-00-00 00:00:00'),
 (216,7,'571',0,'0000-00-00 00:00:00'),
 (217,8,'571',0,'0000-00-00 00:00:00'),
 (218,9,'571',0,'0000-00-00 00:00:00'),
 (219,10,'571',0,'0000-00-00 00:00:00'),
 (220,11,'571',0,'0000-00-00 00:00:00'),
 (221,2,'2313',0,'0000-00-00 00:00:00'),
 (222,3,'2313',0,'0000-00-00 00:00:00'),
 (223,4,'2313',0,'0000-00-00 00:00:00'),
 (224,5,'2313',0,'0000-00-00 00:00:00'),
 (225,6,'2313',0,'0000-00-00 00:00:00'),
 (226,7,'2313',0,'0000-00-00 00:00:00'),
 (227,8,'2313',0,'0000-00-00 00:00:00'),
 (228,9,'2313',0,'0000-00-00 00:00:00'),
 (229,10,'2313',0,'0000-00-00 00:00:00'),
 (230,11,'2313',0,'0000-00-00 00:00:00'),
 (231,2,'16321',0,'0000-00-00 00:00:00'),
 (232,3,'16321',0,'0000-00-00 00:00:00'),
 (233,4,'16321',0,'0000-00-00 00:00:00'),
 (234,5,'16321',0,'0000-00-00 00:00:00'),
 (235,6,'16321',0,'0000-00-00 00:00:00'),
 (236,7,'16321',0,'0000-00-00 00:00:00'),
 (237,8,'16321',0,'0000-00-00 00:00:00'),
 (238,9,'16321',0,'0000-00-00 00:00:00'),
 (239,10,'16321',0,'0000-00-00 00:00:00'),
 (240,11,'16321',0,'0000-00-00 00:00:00'),
 (241,2,'16323',0,'0000-00-00 00:00:00'),
 (242,3,'16323',0,'0000-00-00 00:00:00'),
 (243,4,'16323',0,'0000-00-00 00:00:00'),
 (244,5,'16323',0,'0000-00-00 00:00:00'),
 (245,6,'16323',0,'0000-00-00 00:00:00'),
 (246,7,'16323',0,'0000-00-00 00:00:00'),
 (247,8,'16323',0,'0000-00-00 00:00:00'),
 (248,9,'16323',0,'0000-00-00 00:00:00'),
 (249,10,'16323',0,'0000-00-00 00:00:00'),
 (250,11,'16323',0,'0000-00-00 00:00:00'),
 (251,2,'1430',0,'0000-00-00 00:00:00'),
 (252,3,'1430',0,'0000-00-00 00:00:00'),
 (253,4,'1430',0,'0000-00-00 00:00:00'),
 (254,5,'1430',0,'0000-00-00 00:00:00'),
 (255,6,'1430',0,'0000-00-00 00:00:00'),
 (256,7,'1430',0,'0000-00-00 00:00:00'),
 (257,8,'1430',0,'0000-00-00 00:00:00'),
 (258,9,'1430',0,'0000-00-00 00:00:00'),
 (259,10,'1430',0,'0000-00-00 00:00:00'),
 (260,11,'1430',0,'0000-00-00 00:00:00'),
 (261,2,'19484',0,'0000-00-00 00:00:00'),
 (262,3,'19484',0,'0000-00-00 00:00:00'),
 (263,4,'19484',0,'0000-00-00 00:00:00'),
 (264,5,'19484',0,'0000-00-00 00:00:00'),
 (265,6,'19484',0,'0000-00-00 00:00:00'),
 (266,7,'19484',0,'0000-00-00 00:00:00'),
 (267,8,'19484',0,'0000-00-00 00:00:00'),
 (268,9,'19484',0,'0000-00-00 00:00:00'),
 (269,10,'19484',0,'0000-00-00 00:00:00'),
 (270,11,'19484',0,'0000-00-00 00:00:00'),
 (271,2,'19464',0,'0000-00-00 00:00:00'),
 (272,3,'19464',0,'0000-00-00 00:00:00'),
 (273,4,'19464',0,'0000-00-00 00:00:00'),
 (274,5,'19464',0,'0000-00-00 00:00:00'),
 (275,6,'19464',0,'0000-00-00 00:00:00'),
 (276,7,'19464',0,'0000-00-00 00:00:00'),
 (277,8,'19464',0,'0000-00-00 00:00:00'),
 (278,9,'19464',0,'0000-00-00 00:00:00'),
 (279,10,'19464',0,'0000-00-00 00:00:00'),
 (280,11,'19464',0,'0000-00-00 00:00:00'),
 (281,2,'699',0,'0000-00-00 00:00:00'),
 (282,3,'699',0,'0000-00-00 00:00:00'),
 (283,4,'699',0,'0000-00-00 00:00:00'),
 (284,5,'699',0,'0000-00-00 00:00:00'),
 (285,6,'699',0,'0000-00-00 00:00:00'),
 (286,7,'699',0,'0000-00-00 00:00:00'),
 (287,8,'699',0,'0000-00-00 00:00:00'),
 (288,9,'699',0,'0000-00-00 00:00:00'),
 (289,10,'699',0,'0000-00-00 00:00:00'),
 (290,11,'699',0,'0000-00-00 00:00:00'),
 (291,2,'595',0,'0000-00-00 00:00:00'),
 (292,3,'595',0,'0000-00-00 00:00:00'),
 (293,4,'595',0,'0000-00-00 00:00:00'),
 (294,5,'595',0,'0000-00-00 00:00:00'),
 (295,6,'595',0,'0000-00-00 00:00:00'),
 (296,7,'595',0,'0000-00-00 00:00:00'),
 (297,8,'595',0,'0000-00-00 00:00:00'),
 (298,9,'595',0,'0000-00-00 00:00:00'),
 (299,10,'595',0,'0000-00-00 00:00:00'),
 (300,11,'595',0,'0000-00-00 00:00:00'),
 (301,2,'594',0,'0000-00-00 00:00:00'),
 (302,3,'594',0,'0000-00-00 00:00:00'),
 (303,4,'594',0,'0000-00-00 00:00:00'),
 (304,5,'594',0,'0000-00-00 00:00:00'),
 (305,6,'594',0,'0000-00-00 00:00:00'),
 (306,7,'594',0,'0000-00-00 00:00:00'),
 (307,8,'594',0,'0000-00-00 00:00:00'),
 (308,9,'594',0,'0000-00-00 00:00:00'),
 (309,10,'594',0,'0000-00-00 00:00:00'),
 (310,11,'594',0,'0000-00-00 00:00:00'),
 (311,2,'158',0,'0000-00-00 00:00:00'),
 (312,3,'158',0,'0000-00-00 00:00:00'),
 (313,4,'158',0,'0000-00-00 00:00:00'),
 (314,5,'158',0,'0000-00-00 00:00:00'),
 (315,6,'158',0,'0000-00-00 00:00:00'),
 (316,7,'158',0,'0000-00-00 00:00:00'),
 (317,8,'158',0,'0000-00-00 00:00:00'),
 (318,9,'158',0,'0000-00-00 00:00:00'),
 (319,10,'158',0,'0000-00-00 00:00:00'),
 (320,11,'158',0,'0000-00-00 00:00:00'),
 (321,2,'549',0,'0000-00-00 00:00:00'),
 (322,3,'549',0,'0000-00-00 00:00:00'),
 (323,4,'549',0,'0000-00-00 00:00:00'),
 (324,5,'549',0,'0000-00-00 00:00:00'),
 (325,6,'549',0,'0000-00-00 00:00:00'),
 (326,7,'549',0,'0000-00-00 00:00:00'),
 (327,8,'549',0,'0000-00-00 00:00:00'),
 (328,9,'549',0,'0000-00-00 00:00:00'),
 (329,10,'549',0,'0000-00-00 00:00:00'),
 (330,11,'549',0,'0000-00-00 00:00:00'),
 (331,2,'8820',0,'0000-00-00 00:00:00'),
 (332,3,'8820',0,'0000-00-00 00:00:00'),
 (333,4,'8820',0,'0000-00-00 00:00:00'),
 (334,5,'8820',0,'0000-00-00 00:00:00'),
 (335,6,'8820',0,'0000-00-00 00:00:00'),
 (336,7,'8820',0,'0000-00-00 00:00:00'),
 (337,8,'8820',0,'0000-00-00 00:00:00'),
 (338,9,'8820',0,'0000-00-00 00:00:00'),
 (339,10,'8820',0,'0000-00-00 00:00:00'),
 (340,11,'8820',0,'0000-00-00 00:00:00'),
 (341,2,'2281406',0,'0000-00-00 00:00:00'),
 (342,3,'2281406',0,'0000-00-00 00:00:00'),
 (343,4,'2281406',0,'0000-00-00 00:00:00'),
 (344,5,'2281406',0,'0000-00-00 00:00:00'),
 (345,6,'2281406',0,'0000-00-00 00:00:00'),
 (346,7,'2281406',0,'0000-00-00 00:00:00'),
 (347,8,'2281406',0,'0000-00-00 00:00:00'),
 (348,9,'2281406',0,'0000-00-00 00:00:00'),
 (349,10,'2281406',0,'0000-00-00 00:00:00'),
 (350,11,'2281406',0,'0000-00-00 00:00:00'),
 (351,2,'2200274',0,'0000-00-00 00:00:00'),
 (352,3,'2200274',0,'0000-00-00 00:00:00'),
 (353,4,'2200274',0,'0000-00-00 00:00:00'),
 (354,5,'2200274',0,'0000-00-00 00:00:00'),
 (355,6,'2200274',0,'0000-00-00 00:00:00'),
 (356,7,'2200274',0,'0000-00-00 00:00:00'),
 (357,8,'2200274',0,'0000-00-00 00:00:00'),
 (358,9,'2200274',0,'0000-00-00 00:00:00'),
 (359,10,'2200274',0,'0000-00-00 00:00:00'),
 (360,11,'2200274',0,'0000-00-00 00:00:00'),
 (361,2,'2283304',0,'0000-00-00 00:00:00'),
 (362,3,'2283304',0,'0000-00-00 00:00:00'),
 (363,4,'2283304',0,'0000-00-00 00:00:00'),
 (364,5,'2283304',0,'0000-00-00 00:00:00'),
 (365,6,'2283304',0,'0000-00-00 00:00:00'),
 (366,7,'2283304',0,'0000-00-00 00:00:00'),
 (367,8,'2283304',0,'0000-00-00 00:00:00'),
 (368,9,'2283304',0,'0000-00-00 00:00:00'),
 (369,10,'2283304',0,'0000-00-00 00:00:00'),
 (370,11,'2283304',0,'0000-00-00 00:00:00'),
 (371,2,'6803',0,'0000-00-00 00:00:00'),
 (372,3,'6803',0,'0000-00-00 00:00:00'),
 (373,4,'6803',0,'0000-00-00 00:00:00'),
 (374,5,'6803',0,'0000-00-00 00:00:00'),
 (375,6,'6803',0,'0000-00-00 00:00:00'),
 (376,7,'6803',0,'0000-00-00 00:00:00'),
 (377,8,'6803',0,'0000-00-00 00:00:00'),
 (378,9,'6803',0,'0000-00-00 00:00:00'),
 (379,10,'6803',0,'0000-00-00 00:00:00'),
 (380,11,'6803',0,'0000-00-00 00:00:00'),
 (381,2,'357328',0,'0000-00-00 00:00:00'),
 (382,3,'357328',0,'0000-00-00 00:00:00'),
 (383,4,'357328',0,'0000-00-00 00:00:00'),
 (384,5,'357328',0,'0000-00-00 00:00:00'),
 (385,6,'357328',0,'0000-00-00 00:00:00'),
 (386,7,'357328',0,'0000-00-00 00:00:00'),
 (387,8,'357328',0,'0000-00-00 00:00:00'),
 (388,9,'357328',0,'0000-00-00 00:00:00'),
 (389,10,'357328',0,'0000-00-00 00:00:00'),
 (390,11,'357328',0,'0000-00-00 00:00:00'),
 (391,2,'552',0,'0000-00-00 00:00:00'),
 (392,3,'552',0,'0000-00-00 00:00:00'),
 (393,4,'552',0,'0000-00-00 00:00:00'),
 (394,5,'552',0,'0000-00-00 00:00:00'),
 (395,6,'552',0,'0000-00-00 00:00:00'),
 (396,7,'552',0,'0000-00-00 00:00:00'),
 (397,8,'552',0,'0000-00-00 00:00:00'),
 (398,9,'552',0,'0000-00-00 00:00:00'),
 (399,10,'552',0,'0000-00-00 00:00:00'),
 (400,11,'552',0,'0000-00-00 00:00:00'),
 (401,2,'903',0,'0000-00-00 00:00:00'),
 (402,3,'903',0,'0000-00-00 00:00:00'),
 (403,4,'903',0,'0000-00-00 00:00:00'),
 (404,5,'903',0,'0000-00-00 00:00:00'),
 (405,6,'903',0,'0000-00-00 00:00:00'),
 (406,7,'903',0,'0000-00-00 00:00:00'),
 (407,8,'903',0,'0000-00-00 00:00:00'),
 (408,9,'903',0,'0000-00-00 00:00:00'),
 (409,10,'903',0,'0000-00-00 00:00:00'),
 (410,11,'903',0,'0000-00-00 00:00:00'),
 (411,2,'21522',0,'0000-00-00 00:00:00'),
 (412,3,'21522',0,'0000-00-00 00:00:00'),
 (413,4,'21522',0,'0000-00-00 00:00:00'),
 (414,5,'21522',0,'0000-00-00 00:00:00'),
 (415,6,'21522',0,'0000-00-00 00:00:00'),
 (416,7,'21522',0,'0000-00-00 00:00:00'),
 (417,8,'21522',0,'0000-00-00 00:00:00'),
 (418,9,'21522',0,'0000-00-00 00:00:00'),
 (419,10,'21522',0,'0000-00-00 00:00:00'),
 (420,11,'21522',0,'0000-00-00 00:00:00'),
 (421,2,'178473',0,'0000-00-00 00:00:00'),
 (422,3,'178473',0,'0000-00-00 00:00:00'),
 (423,4,'178473',0,'0000-00-00 00:00:00'),
 (424,5,'178473',0,'0000-00-00 00:00:00'),
 (425,6,'178473',0,'0000-00-00 00:00:00'),
 (426,7,'178473',0,'0000-00-00 00:00:00'),
 (427,8,'178473',0,'0000-00-00 00:00:00'),
 (428,9,'178473',0,'0000-00-00 00:00:00'),
 (429,10,'178473',0,'0000-00-00 00:00:00'),
 (430,11,'178473',0,'0000-00-00 00:00:00'),
 (431,2,'277',0,'0000-00-00 00:00:00'),
 (432,3,'277',0,'0000-00-00 00:00:00'),
 (433,4,'277',0,'0000-00-00 00:00:00'),
 (434,5,'277',0,'0000-00-00 00:00:00'),
 (435,6,'277',0,'0000-00-00 00:00:00'),
 (436,7,'277',0,'0000-00-00 00:00:00'),
 (437,8,'277',0,'0000-00-00 00:00:00'),
 (438,9,'277',0,'0000-00-00 00:00:00'),
 (439,10,'277',0,'0000-00-00 00:00:00'),
 (440,11,'277',0,'0000-00-00 00:00:00'),
 (441,2,'6811',0,'0000-00-00 00:00:00'),
 (442,3,'6811',0,'0000-00-00 00:00:00'),
 (443,4,'6811',0,'0000-00-00 00:00:00'),
 (444,5,'6811',0,'0000-00-00 00:00:00'),
 (445,6,'6811',0,'0000-00-00 00:00:00'),
 (446,7,'6811',0,'0000-00-00 00:00:00'),
 (447,8,'6811',0,'0000-00-00 00:00:00'),
 (448,9,'6811',0,'0000-00-00 00:00:00'),
 (449,10,'6811',0,'0000-00-00 00:00:00'),
 (450,11,'6811',0,'0000-00-00 00:00:00'),
 (451,2,'6532',0,'0000-00-00 00:00:00'),
 (452,3,'6532',0,'0000-00-00 00:00:00'),
 (453,4,'6532',0,'0000-00-00 00:00:00'),
 (454,5,'6532',0,'0000-00-00 00:00:00'),
 (455,6,'6532',0,'0000-00-00 00:00:00'),
 (456,7,'6532',0,'0000-00-00 00:00:00'),
 (457,8,'6532',0,'0000-00-00 00:00:00'),
 (458,9,'6532',0,'0000-00-00 00:00:00'),
 (459,10,'6532',0,'0000-00-00 00:00:00'),
 (460,11,'6532',0,'0000-00-00 00:00:00'),
 (461,2,'3138',0,'0000-00-00 00:00:00'),
 (462,3,'3138',0,'0000-00-00 00:00:00'),
 (463,4,'3138',0,'0000-00-00 00:00:00'),
 (464,5,'3138',0,'0000-00-00 00:00:00'),
 (465,6,'3138',0,'0000-00-00 00:00:00'),
 (466,7,'3138',0,'0000-00-00 00:00:00'),
 (467,8,'3138',0,'0000-00-00 00:00:00'),
 (468,9,'3138',0,'0000-00-00 00:00:00'),
 (469,10,'3138',0,'0000-00-00 00:00:00'),
 (470,11,'3138',0,'0000-00-00 00:00:00'),
 (471,2,'3137',0,'0000-00-00 00:00:00'),
 (472,3,'3137',0,'0000-00-00 00:00:00'),
 (473,4,'3137',0,'0000-00-00 00:00:00'),
 (474,5,'3137',0,'0000-00-00 00:00:00'),
 (475,6,'3137',0,'0000-00-00 00:00:00'),
 (476,7,'3137',0,'0000-00-00 00:00:00'),
 (477,8,'3137',0,'0000-00-00 00:00:00'),
 (478,9,'3137',0,'0000-00-00 00:00:00'),
 (479,10,'3137',0,'0000-00-00 00:00:00'),
 (480,11,'3137',0,'0000-00-00 00:00:00'),
 (481,2,'481028',0,'0000-00-00 00:00:00'),
 (482,3,'481028',0,'0000-00-00 00:00:00'),
 (483,4,'481028',0,'0000-00-00 00:00:00'),
 (484,5,'481028',0,'0000-00-00 00:00:00'),
 (485,6,'481028',0,'0000-00-00 00:00:00'),
 (486,7,'481028',0,'0000-00-00 00:00:00'),
 (487,8,'481028',0,'0000-00-00 00:00:00'),
 (488,9,'481028',0,'0000-00-00 00:00:00'),
 (489,10,'481028',0,'0000-00-00 00:00:00'),
 (490,11,'481028',0,'0000-00-00 00:00:00'),
 (491,2,'17031',0,'0000-00-00 00:00:00'),
 (492,3,'17031',0,'0000-00-00 00:00:00'),
 (493,4,'17031',0,'0000-00-00 00:00:00'),
 (494,5,'17031',0,'0000-00-00 00:00:00'),
 (495,6,'17031',0,'0000-00-00 00:00:00'),
 (496,7,'17031',0,'0000-00-00 00:00:00'),
 (497,8,'17031',0,'0000-00-00 00:00:00'),
 (498,9,'17031',0,'0000-00-00 00:00:00'),
 (499,10,'17031',0,'0000-00-00 00:00:00'),
 (500,11,'17031',0,'0000-00-00 00:00:00'),
 (501,2,'17032',0,'0000-00-00 00:00:00'),
 (502,3,'17032',0,'0000-00-00 00:00:00'),
 (503,4,'17032',0,'0000-00-00 00:00:00'),
 (504,5,'17032',0,'0000-00-00 00:00:00'),
 (505,6,'17032',0,'0000-00-00 00:00:00'),
 (506,7,'17032',0,'0000-00-00 00:00:00'),
 (507,8,'17032',0,'0000-00-00 00:00:00'),
 (508,9,'17032',0,'0000-00-00 00:00:00'),
 (509,10,'17032',0,'0000-00-00 00:00:00'),
 (510,11,'17032',0,'0000-00-00 00:00:00'),
 (511,2,'2912',0,'0000-00-00 00:00:00'),
 (512,3,'2912',0,'0000-00-00 00:00:00'),
 (513,4,'2912',0,'0000-00-00 00:00:00'),
 (514,5,'2912',0,'0000-00-00 00:00:00'),
 (515,6,'2912',0,'0000-00-00 00:00:00'),
 (516,7,'2912',0,'0000-00-00 00:00:00'),
 (517,8,'2912',0,'0000-00-00 00:00:00'),
 (518,9,'2912',0,'0000-00-00 00:00:00'),
 (519,10,'2912',0,'0000-00-00 00:00:00'),
 (520,11,'2912',0,'0000-00-00 00:00:00'),
 (521,2,'8113',0,'0000-00-00 00:00:00'),
 (522,3,'8113',0,'0000-00-00 00:00:00'),
 (523,4,'8113',0,'0000-00-00 00:00:00'),
 (524,5,'8113',0,'0000-00-00 00:00:00'),
 (525,6,'8113',0,'0000-00-00 00:00:00'),
 (526,7,'8113',0,'0000-00-00 00:00:00'),
 (527,8,'8113',0,'0000-00-00 00:00:00'),
 (528,9,'8113',0,'0000-00-00 00:00:00'),
 (529,10,'8113',0,'0000-00-00 00:00:00'),
 (530,11,'8113',0,'0000-00-00 00:00:00'),
 (531,2,'8110',0,'0000-00-00 00:00:00'),
 (532,3,'8110',0,'0000-00-00 00:00:00'),
 (533,4,'8110',0,'0000-00-00 00:00:00'),
 (534,5,'8110',0,'0000-00-00 00:00:00'),
 (535,6,'8110',0,'0000-00-00 00:00:00'),
 (536,7,'8110',0,'0000-00-00 00:00:00'),
 (537,8,'8110',0,'0000-00-00 00:00:00'),
 (538,9,'8110',0,'0000-00-00 00:00:00'),
 (539,10,'8110',0,'0000-00-00 00:00:00'),
 (540,11,'8110',0,'0000-00-00 00:00:00'),
 (541,2,'1453343',0,'0000-00-00 00:00:00'),
 (542,3,'1453343',0,'0000-00-00 00:00:00'),
 (543,4,'1453343',0,'0000-00-00 00:00:00'),
 (544,5,'1453343',0,'0000-00-00 00:00:00'),
 (545,6,'1453343',0,'0000-00-00 00:00:00'),
 (546,7,'1453343',0,'0000-00-00 00:00:00'),
 (547,8,'1453343',0,'0000-00-00 00:00:00'),
 (548,9,'1453343',0,'0000-00-00 00:00:00'),
 (549,10,'1453343',0,'0000-00-00 00:00:00'),
 (550,11,'1453343',0,'0000-00-00 00:00:00'),
 (551,2,'978',0,'0000-00-00 00:00:00'),
 (552,3,'978',0,'0000-00-00 00:00:00'),
 (553,4,'978',0,'0000-00-00 00:00:00'),
 (554,5,'978',0,'0000-00-00 00:00:00'),
 (555,6,'978',0,'0000-00-00 00:00:00'),
 (556,7,'978',0,'0000-00-00 00:00:00'),
 (557,8,'978',0,'0000-00-00 00:00:00'),
 (558,9,'978',0,'0000-00-00 00:00:00'),
 (559,10,'978',0,'0000-00-00 00:00:00'),
 (560,11,'978',0,'0000-00-00 00:00:00'),
 (561,2,'977',0,'0000-00-00 00:00:00'),
 (562,3,'977',0,'0000-00-00 00:00:00'),
 (563,4,'977',0,'0000-00-00 00:00:00'),
 (564,5,'977',0,'0000-00-00 00:00:00'),
 (565,6,'977',0,'0000-00-00 00:00:00'),
 (566,7,'977',0,'0000-00-00 00:00:00'),
 (567,8,'977',0,'0000-00-00 00:00:00'),
 (568,9,'977',0,'0000-00-00 00:00:00'),
 (569,10,'977',0,'0000-00-00 00:00:00'),
 (570,11,'977',0,'0000-00-00 00:00:00'),
 (571,2,'976',0,'0000-00-00 00:00:00'),
 (572,3,'976',0,'0000-00-00 00:00:00'),
 (573,4,'976',0,'0000-00-00 00:00:00'),
 (574,5,'976',0,'0000-00-00 00:00:00'),
 (575,6,'976',0,'0000-00-00 00:00:00'),
 (576,7,'976',0,'0000-00-00 00:00:00'),
 (577,8,'976',0,'0000-00-00 00:00:00'),
 (578,9,'976',0,'0000-00-00 00:00:00'),
 (579,10,'976',0,'0000-00-00 00:00:00'),
 (580,11,'976',0,'0000-00-00 00:00:00'),
 (581,2,'19492',0,'0000-00-00 00:00:00'),
 (582,3,'19492',0,'0000-00-00 00:00:00'),
 (583,4,'19492',0,'0000-00-00 00:00:00'),
 (584,5,'19492',0,'0000-00-00 00:00:00'),
 (585,6,'19492',0,'0000-00-00 00:00:00'),
 (586,7,'19492',0,'0000-00-00 00:00:00'),
 (587,8,'19492',0,'0000-00-00 00:00:00'),
 (588,9,'19492',0,'0000-00-00 00:00:00'),
 (589,10,'19492',0,'0000-00-00 00:00:00'),
 (590,11,'19492',0,'0000-00-00 00:00:00'),
 (591,2,'19492',0,'0000-00-00 00:00:00'),
 (592,3,'19492',0,'0000-00-00 00:00:00'),
 (593,4,'19492',0,'0000-00-00 00:00:00'),
 (594,5,'19492',0,'0000-00-00 00:00:00'),
 (595,6,'19492',0,'0000-00-00 00:00:00'),
 (596,7,'19492',0,'0000-00-00 00:00:00'),
 (597,8,'19492',0,'0000-00-00 00:00:00'),
 (598,9,'19492',0,'0000-00-00 00:00:00'),
 (599,10,'19492',0,'0000-00-00 00:00:00'),
 (600,11,'19492',0,'0000-00-00 00:00:00'),
 (601,2,'7',0,'0000-00-00 00:00:00'),
 (602,3,'7',0,'0000-00-00 00:00:00'),
 (603,4,'7',0,'0000-00-00 00:00:00'),
 (604,5,'7',0,'0000-00-00 00:00:00'),
 (605,6,'7',0,'0000-00-00 00:00:00'),
 (606,7,'7',0,'0000-00-00 00:00:00'),
 (607,8,'7',0,'0000-00-00 00:00:00'),
 (608,9,'7',0,'0000-00-00 00:00:00'),
 (609,10,'7',0,'0000-00-00 00:00:00'),
 (610,11,'7',0,'0000-00-00 00:00:00'),
 (611,2,'2284599',0,'0000-00-00 00:00:00'),
 (612,3,'2284599',0,'0000-00-00 00:00:00'),
 (613,4,'2284599',0,'0000-00-00 00:00:00'),
 (614,5,'2284599',0,'0000-00-00 00:00:00'),
 (615,6,'2284599',0,'0000-00-00 00:00:00'),
 (616,7,'2284599',0,'0000-00-00 00:00:00'),
 (617,8,'2284599',0,'0000-00-00 00:00:00'),
 (618,9,'2284599',0,'0000-00-00 00:00:00'),
 (619,10,'2284599',0,'0000-00-00 00:00:00'),
 (620,11,'2284599',0,'0000-00-00 00:00:00');
CREATE TABLE  `SiPAS`.`entregado` (
  `id_check` int(11) NOT NULL AUTO_INCREMENT,
  `id_cargo` int(11) NOT NULL,
  `numero_factura` varchar(15) NOT NULL,
  `valor` int(11) NOT NULL,
  `fecha` datetime NOT NULL,
  PRIMARY KEY (`id_check`)
) ENGINE=MyISAM AUTO_INCREMENT=621 DEFAULT CHARSET=utf8;
INSERT INTO `SiPAS`.`entregado` VALUES  (1,2,'849',0,'0000-00-00 00:00:00'),
 (2,3,'849',0,'0000-00-00 00:00:00'),
 (3,4,'849',0,'0000-00-00 00:00:00'),
 (4,5,'849',0,'0000-00-00 00:00:00'),
 (5,6,'849',0,'0000-00-00 00:00:00'),
 (6,7,'849',0,'0000-00-00 00:00:00'),
 (7,8,'849',0,'0000-00-00 00:00:00'),
 (8,9,'849',0,'0000-00-00 00:00:00'),
 (9,10,'849',0,'0000-00-00 00:00:00'),
 (10,11,'849',0,'0000-00-00 00:00:00'),
 (11,2,'847',0,'0000-00-00 00:00:00'),
 (12,3,'847',0,'0000-00-00 00:00:00'),
 (13,4,'847',0,'0000-00-00 00:00:00'),
 (14,5,'847',0,'0000-00-00 00:00:00'),
 (15,6,'847',0,'0000-00-00 00:00:00'),
 (16,7,'847',0,'0000-00-00 00:00:00'),
 (17,8,'847',0,'0000-00-00 00:00:00'),
 (18,9,'847',0,'0000-00-00 00:00:00'),
 (19,10,'847',0,'0000-00-00 00:00:00'),
 (20,11,'847',0,'0000-00-00 00:00:00'),
 (21,2,'848',0,'0000-00-00 00:00:00'),
 (22,3,'848',0,'0000-00-00 00:00:00'),
 (23,4,'848',0,'0000-00-00 00:00:00'),
 (24,5,'848',0,'0000-00-00 00:00:00'),
 (25,6,'848',0,'0000-00-00 00:00:00'),
 (26,7,'848',0,'0000-00-00 00:00:00'),
 (27,8,'848',0,'0000-00-00 00:00:00'),
 (28,9,'848',0,'0000-00-00 00:00:00'),
 (29,10,'848',0,'0000-00-00 00:00:00'),
 (30,11,'848',0,'0000-00-00 00:00:00'),
 (31,2,'847',0,'0000-00-00 00:00:00'),
 (32,3,'847',0,'0000-00-00 00:00:00'),
 (33,4,'847',0,'0000-00-00 00:00:00'),
 (34,5,'847',0,'0000-00-00 00:00:00'),
 (35,6,'847',0,'0000-00-00 00:00:00'),
 (36,7,'847',0,'0000-00-00 00:00:00'),
 (37,8,'847',0,'0000-00-00 00:00:00'),
 (38,9,'847',0,'0000-00-00 00:00:00'),
 (39,10,'847',0,'0000-00-00 00:00:00'),
 (40,11,'847',0,'0000-00-00 00:00:00'),
 (41,2,'848',0,'0000-00-00 00:00:00'),
 (42,3,'848',0,'0000-00-00 00:00:00'),
 (43,4,'848',0,'0000-00-00 00:00:00'),
 (44,5,'848',0,'0000-00-00 00:00:00'),
 (45,6,'848',0,'0000-00-00 00:00:00'),
 (46,7,'848',0,'0000-00-00 00:00:00'),
 (47,8,'848',0,'0000-00-00 00:00:00'),
 (48,9,'848',0,'0000-00-00 00:00:00'),
 (49,10,'848',0,'0000-00-00 00:00:00'),
 (50,11,'848',0,'0000-00-00 00:00:00'),
 (51,2,'849',0,'0000-00-00 00:00:00'),
 (52,3,'849',0,'0000-00-00 00:00:00'),
 (53,4,'849',0,'0000-00-00 00:00:00'),
 (54,5,'849',0,'0000-00-00 00:00:00'),
 (55,6,'849',0,'0000-00-00 00:00:00'),
 (56,7,'849',0,'0000-00-00 00:00:00'),
 (57,8,'849',0,'0000-00-00 00:00:00'),
 (58,9,'849',0,'0000-00-00 00:00:00'),
 (59,10,'849',0,'0000-00-00 00:00:00'),
 (60,11,'849',0,'0000-00-00 00:00:00'),
 (61,2,'47546',0,'0000-00-00 00:00:00'),
 (62,3,'47546',0,'0000-00-00 00:00:00'),
 (63,4,'47546',0,'0000-00-00 00:00:00'),
 (64,5,'47546',0,'0000-00-00 00:00:00'),
 (65,6,'47546',0,'0000-00-00 00:00:00'),
 (66,7,'47546',0,'0000-00-00 00:00:00'),
 (67,8,'47546',0,'0000-00-00 00:00:00'),
 (68,9,'47546',0,'0000-00-00 00:00:00'),
 (69,10,'47546',0,'0000-00-00 00:00:00'),
 (70,11,'47546',0,'0000-00-00 00:00:00'),
 (71,2,'815',0,'0000-00-00 00:00:00'),
 (72,3,'815',0,'0000-00-00 00:00:00'),
 (73,4,'815',0,'0000-00-00 00:00:00'),
 (74,5,'815',0,'0000-00-00 00:00:00'),
 (75,6,'815',0,'0000-00-00 00:00:00'),
 (76,7,'815',0,'0000-00-00 00:00:00'),
 (77,8,'815',0,'0000-00-00 00:00:00'),
 (78,9,'815',0,'0000-00-00 00:00:00'),
 (79,10,'815',0,'0000-00-00 00:00:00'),
 (80,11,'815',0,'0000-00-00 00:00:00'),
 (81,2,'814',0,'0000-00-00 00:00:00'),
 (82,3,'814',0,'0000-00-00 00:00:00'),
 (83,4,'814',0,'0000-00-00 00:00:00'),
 (84,5,'814',0,'0000-00-00 00:00:00'),
 (85,6,'814',0,'0000-00-00 00:00:00'),
 (86,7,'814',0,'0000-00-00 00:00:00'),
 (87,8,'814',0,'0000-00-00 00:00:00'),
 (88,9,'814',0,'0000-00-00 00:00:00'),
 (89,10,'814',0,'0000-00-00 00:00:00'),
 (90,11,'814',0,'0000-00-00 00:00:00'),
 (91,2,'418123',0,'0000-00-00 00:00:00'),
 (92,3,'418123',0,'0000-00-00 00:00:00'),
 (93,4,'418123',0,'0000-00-00 00:00:00'),
 (94,5,'418123',0,'0000-00-00 00:00:00'),
 (95,6,'418123',0,'0000-00-00 00:00:00'),
 (96,7,'418123',0,'0000-00-00 00:00:00'),
 (97,8,'418123',0,'0000-00-00 00:00:00'),
 (98,9,'418123',0,'0000-00-00 00:00:00'),
 (99,10,'418123',0,'0000-00-00 00:00:00'),
 (100,11,'418123',0,'0000-00-00 00:00:00'),
 (101,2,'238',0,'0000-00-00 00:00:00'),
 (102,3,'238',0,'0000-00-00 00:00:00'),
 (103,4,'238',0,'0000-00-00 00:00:00'),
 (104,5,'238',0,'0000-00-00 00:00:00'),
 (105,6,'238',0,'0000-00-00 00:00:00'),
 (106,7,'238',0,'0000-00-00 00:00:00'),
 (107,8,'238',0,'0000-00-00 00:00:00'),
 (108,9,'238',0,'0000-00-00 00:00:00'),
 (109,10,'238',0,'0000-00-00 00:00:00'),
 (110,11,'238',0,'0000-00-00 00:00:00'),
 (111,2,'2278740',0,'0000-00-00 00:00:00'),
 (112,3,'2278740',0,'0000-00-00 00:00:00'),
 (113,4,'2278740',0,'0000-00-00 00:00:00'),
 (114,5,'2278740',0,'0000-00-00 00:00:00'),
 (115,6,'2278740',0,'0000-00-00 00:00:00'),
 (116,7,'2278740',0,'0000-00-00 00:00:00'),
 (117,8,'2278740',0,'0000-00-00 00:00:00'),
 (118,9,'2278740',0,'0000-00-00 00:00:00'),
 (119,10,'2278740',0,'0000-00-00 00:00:00'),
 (120,11,'2278740',0,'0000-00-00 00:00:00'),
 (121,2,'2196809',0,'0000-00-00 00:00:00'),
 (122,3,'2196809',0,'0000-00-00 00:00:00'),
 (123,4,'2196809',0,'0000-00-00 00:00:00'),
 (124,5,'2196809',0,'0000-00-00 00:00:00'),
 (125,6,'2196809',0,'0000-00-00 00:00:00'),
 (126,7,'2196809',0,'0000-00-00 00:00:00'),
 (127,8,'2196809',0,'0000-00-00 00:00:00'),
 (128,9,'2196809',0,'0000-00-00 00:00:00'),
 (129,10,'2196809',0,'0000-00-00 00:00:00'),
 (130,11,'2196809',0,'0000-00-00 00:00:00'),
 (131,2,'2275302',0,'0000-00-00 00:00:00'),
 (132,3,'2275302',0,'0000-00-00 00:00:00'),
 (133,4,'2275302',0,'0000-00-00 00:00:00'),
 (134,5,'2275302',0,'0000-00-00 00:00:00'),
 (135,6,'2275302',0,'0000-00-00 00:00:00'),
 (136,7,'2275302',0,'0000-00-00 00:00:00'),
 (137,8,'2275302',0,'0000-00-00 00:00:00'),
 (138,9,'2275302',0,'0000-00-00 00:00:00'),
 (139,10,'2275302',0,'0000-00-00 00:00:00'),
 (140,11,'2275302',0,'0000-00-00 00:00:00'),
 (141,2,'11324',0,'0000-00-00 00:00:00'),
 (142,3,'11324',0,'0000-00-00 00:00:00'),
 (143,4,'11324',0,'0000-00-00 00:00:00'),
 (144,5,'11324',0,'0000-00-00 00:00:00'),
 (145,6,'11324',0,'0000-00-00 00:00:00'),
 (146,7,'11324',0,'0000-00-00 00:00:00'),
 (147,8,'11324',0,'0000-00-00 00:00:00'),
 (148,9,'11324',0,'0000-00-00 00:00:00'),
 (149,10,'11324',0,'0000-00-00 00:00:00'),
 (150,11,'11324',0,'0000-00-00 00:00:00'),
 (151,2,'2835',0,'0000-00-00 00:00:00'),
 (152,3,'2835',0,'0000-00-00 00:00:00'),
 (153,4,'2835',0,'0000-00-00 00:00:00'),
 (154,5,'2835',0,'0000-00-00 00:00:00'),
 (155,6,'2835',0,'0000-00-00 00:00:00'),
 (156,7,'2835',0,'0000-00-00 00:00:00'),
 (157,8,'2835',0,'0000-00-00 00:00:00'),
 (158,9,'2835',0,'0000-00-00 00:00:00'),
 (159,10,'2835',0,'0000-00-00 00:00:00'),
 (160,11,'2835',0,'0000-00-00 00:00:00'),
 (161,2,'2390',0,'0000-00-00 00:00:00'),
 (162,3,'2390',0,'0000-00-00 00:00:00'),
 (163,4,'2390',0,'0000-00-00 00:00:00'),
 (164,5,'2390',0,'0000-00-00 00:00:00'),
 (165,6,'2390',0,'0000-00-00 00:00:00'),
 (166,7,'2390',0,'0000-00-00 00:00:00'),
 (167,8,'2390',0,'0000-00-00 00:00:00'),
 (168,9,'2390',0,'0000-00-00 00:00:00'),
 (169,10,'2390',0,'0000-00-00 00:00:00'),
 (170,11,'2390',0,'0000-00-00 00:00:00'),
 (171,2,'901',0,'0000-00-00 00:00:00'),
 (172,3,'901',0,'0000-00-00 00:00:00'),
 (173,4,'901',0,'0000-00-00 00:00:00'),
 (174,5,'901',0,'0000-00-00 00:00:00'),
 (175,6,'901',0,'0000-00-00 00:00:00'),
 (176,7,'901',0,'0000-00-00 00:00:00'),
 (177,8,'901',0,'0000-00-00 00:00:00'),
 (178,9,'901',0,'0000-00-00 00:00:00'),
 (179,10,'901',0,'0000-00-00 00:00:00'),
 (180,11,'901',0,'0000-00-00 00:00:00'),
 (181,2,'899',0,'0000-00-00 00:00:00'),
 (182,3,'899',0,'0000-00-00 00:00:00'),
 (183,4,'899',0,'0000-00-00 00:00:00'),
 (184,5,'899',0,'0000-00-00 00:00:00'),
 (185,6,'899',0,'0000-00-00 00:00:00'),
 (186,7,'899',0,'0000-00-00 00:00:00'),
 (187,8,'899',0,'0000-00-00 00:00:00'),
 (188,9,'899',0,'0000-00-00 00:00:00'),
 (189,10,'899',0,'0000-00-00 00:00:00'),
 (190,11,'899',0,'0000-00-00 00:00:00'),
 (191,2,'900',0,'0000-00-00 00:00:00'),
 (192,3,'900',0,'0000-00-00 00:00:00'),
 (193,4,'900',0,'0000-00-00 00:00:00'),
 (194,5,'900',0,'0000-00-00 00:00:00'),
 (195,6,'900',0,'0000-00-00 00:00:00'),
 (196,7,'900',0,'0000-00-00 00:00:00'),
 (197,8,'900',0,'0000-00-00 00:00:00'),
 (198,9,'900',0,'0000-00-00 00:00:00'),
 (199,10,'900',0,'0000-00-00 00:00:00'),
 (200,11,'900',0,'0000-00-00 00:00:00'),
 (201,2,'572',0,'0000-00-00 00:00:00'),
 (202,3,'572',0,'0000-00-00 00:00:00'),
 (203,4,'572',0,'0000-00-00 00:00:00'),
 (204,5,'572',0,'0000-00-00 00:00:00'),
 (205,6,'572',0,'0000-00-00 00:00:00'),
 (206,7,'572',0,'0000-00-00 00:00:00'),
 (207,8,'572',0,'0000-00-00 00:00:00'),
 (208,9,'572',0,'0000-00-00 00:00:00'),
 (209,10,'572',0,'0000-00-00 00:00:00'),
 (210,11,'572',0,'0000-00-00 00:00:00'),
 (211,2,'571',0,'0000-00-00 00:00:00'),
 (212,3,'571',0,'0000-00-00 00:00:00'),
 (213,4,'571',0,'0000-00-00 00:00:00'),
 (214,5,'571',0,'0000-00-00 00:00:00'),
 (215,6,'571',0,'0000-00-00 00:00:00'),
 (216,7,'571',0,'0000-00-00 00:00:00'),
 (217,8,'571',0,'0000-00-00 00:00:00'),
 (218,9,'571',0,'0000-00-00 00:00:00'),
 (219,10,'571',0,'0000-00-00 00:00:00'),
 (220,11,'571',0,'0000-00-00 00:00:00'),
 (221,2,'2313',0,'0000-00-00 00:00:00'),
 (222,3,'2313',0,'0000-00-00 00:00:00'),
 (223,4,'2313',0,'0000-00-00 00:00:00'),
 (224,5,'2313',0,'0000-00-00 00:00:00'),
 (225,6,'2313',0,'0000-00-00 00:00:00'),
 (226,7,'2313',0,'0000-00-00 00:00:00'),
 (227,8,'2313',0,'0000-00-00 00:00:00'),
 (228,9,'2313',0,'0000-00-00 00:00:00'),
 (229,10,'2313',0,'0000-00-00 00:00:00'),
 (230,11,'2313',0,'0000-00-00 00:00:00'),
 (231,2,'16321',0,'0000-00-00 00:00:00'),
 (232,3,'16321',0,'0000-00-00 00:00:00'),
 (233,4,'16321',0,'0000-00-00 00:00:00'),
 (234,5,'16321',0,'0000-00-00 00:00:00'),
 (235,6,'16321',0,'0000-00-00 00:00:00'),
 (236,7,'16321',0,'0000-00-00 00:00:00'),
 (237,8,'16321',0,'0000-00-00 00:00:00'),
 (238,9,'16321',0,'0000-00-00 00:00:00'),
 (239,10,'16321',0,'0000-00-00 00:00:00'),
 (240,11,'16321',0,'0000-00-00 00:00:00'),
 (241,2,'16323',0,'0000-00-00 00:00:00'),
 (242,3,'16323',0,'0000-00-00 00:00:00'),
 (243,4,'16323',0,'0000-00-00 00:00:00'),
 (244,5,'16323',0,'0000-00-00 00:00:00'),
 (245,6,'16323',0,'0000-00-00 00:00:00'),
 (246,7,'16323',0,'0000-00-00 00:00:00'),
 (247,8,'16323',0,'0000-00-00 00:00:00'),
 (248,9,'16323',0,'0000-00-00 00:00:00'),
 (249,10,'16323',0,'0000-00-00 00:00:00'),
 (250,11,'16323',0,'0000-00-00 00:00:00'),
 (251,2,'1430',0,'0000-00-00 00:00:00'),
 (252,3,'1430',0,'0000-00-00 00:00:00'),
 (253,4,'1430',0,'0000-00-00 00:00:00'),
 (254,5,'1430',0,'0000-00-00 00:00:00'),
 (255,6,'1430',0,'0000-00-00 00:00:00'),
 (256,7,'1430',0,'0000-00-00 00:00:00'),
 (257,8,'1430',0,'0000-00-00 00:00:00'),
 (258,9,'1430',0,'0000-00-00 00:00:00'),
 (259,10,'1430',0,'0000-00-00 00:00:00'),
 (260,11,'1430',0,'0000-00-00 00:00:00'),
 (261,2,'19484',0,'0000-00-00 00:00:00'),
 (262,3,'19484',0,'0000-00-00 00:00:00'),
 (263,4,'19484',0,'0000-00-00 00:00:00'),
 (264,5,'19484',0,'0000-00-00 00:00:00'),
 (265,6,'19484',0,'0000-00-00 00:00:00'),
 (266,7,'19484',0,'0000-00-00 00:00:00'),
 (267,8,'19484',0,'0000-00-00 00:00:00'),
 (268,9,'19484',0,'0000-00-00 00:00:00'),
 (269,10,'19484',0,'0000-00-00 00:00:00'),
 (270,11,'19484',0,'0000-00-00 00:00:00'),
 (271,2,'19464',0,'0000-00-00 00:00:00'),
 (272,3,'19464',0,'0000-00-00 00:00:00'),
 (273,4,'19464',0,'0000-00-00 00:00:00'),
 (274,5,'19464',0,'0000-00-00 00:00:00'),
 (275,6,'19464',0,'0000-00-00 00:00:00'),
 (276,7,'19464',0,'0000-00-00 00:00:00'),
 (277,8,'19464',0,'0000-00-00 00:00:00'),
 (278,9,'19464',0,'0000-00-00 00:00:00'),
 (279,10,'19464',0,'0000-00-00 00:00:00'),
 (280,11,'19464',0,'0000-00-00 00:00:00'),
 (281,2,'699',0,'0000-00-00 00:00:00'),
 (282,3,'699',0,'0000-00-00 00:00:00'),
 (283,4,'699',0,'0000-00-00 00:00:00'),
 (284,5,'699',0,'0000-00-00 00:00:00'),
 (285,6,'699',0,'0000-00-00 00:00:00'),
 (286,7,'699',0,'0000-00-00 00:00:00'),
 (287,8,'699',0,'0000-00-00 00:00:00'),
 (288,9,'699',0,'0000-00-00 00:00:00'),
 (289,10,'699',0,'0000-00-00 00:00:00'),
 (290,11,'699',0,'0000-00-00 00:00:00'),
 (291,2,'595',0,'0000-00-00 00:00:00'),
 (292,3,'595',0,'0000-00-00 00:00:00'),
 (293,4,'595',0,'0000-00-00 00:00:00'),
 (294,5,'595',0,'0000-00-00 00:00:00'),
 (295,6,'595',0,'0000-00-00 00:00:00'),
 (296,7,'595',0,'0000-00-00 00:00:00'),
 (297,8,'595',0,'0000-00-00 00:00:00'),
 (298,9,'595',0,'0000-00-00 00:00:00'),
 (299,10,'595',0,'0000-00-00 00:00:00'),
 (300,11,'595',0,'0000-00-00 00:00:00'),
 (301,2,'594',0,'0000-00-00 00:00:00'),
 (302,3,'594',0,'0000-00-00 00:00:00'),
 (303,4,'594',0,'0000-00-00 00:00:00'),
 (304,5,'594',0,'0000-00-00 00:00:00'),
 (305,6,'594',0,'0000-00-00 00:00:00'),
 (306,7,'594',0,'0000-00-00 00:00:00'),
 (307,8,'594',0,'0000-00-00 00:00:00'),
 (308,9,'594',0,'0000-00-00 00:00:00'),
 (309,10,'594',0,'0000-00-00 00:00:00'),
 (310,11,'594',0,'0000-00-00 00:00:00'),
 (311,2,'158',0,'0000-00-00 00:00:00'),
 (312,3,'158',0,'0000-00-00 00:00:00'),
 (313,4,'158',0,'0000-00-00 00:00:00'),
 (314,5,'158',0,'0000-00-00 00:00:00'),
 (315,6,'158',0,'0000-00-00 00:00:00'),
 (316,7,'158',0,'0000-00-00 00:00:00'),
 (317,8,'158',0,'0000-00-00 00:00:00'),
 (318,9,'158',0,'0000-00-00 00:00:00'),
 (319,10,'158',0,'0000-00-00 00:00:00'),
 (320,11,'158',0,'0000-00-00 00:00:00'),
 (321,2,'549',0,'0000-00-00 00:00:00'),
 (322,3,'549',0,'0000-00-00 00:00:00'),
 (323,4,'549',0,'0000-00-00 00:00:00'),
 (324,5,'549',0,'0000-00-00 00:00:00'),
 (325,6,'549',0,'0000-00-00 00:00:00'),
 (326,7,'549',0,'0000-00-00 00:00:00'),
 (327,8,'549',0,'0000-00-00 00:00:00'),
 (328,9,'549',0,'0000-00-00 00:00:00'),
 (329,10,'549',0,'0000-00-00 00:00:00'),
 (330,11,'549',0,'0000-00-00 00:00:00'),
 (331,2,'8820',0,'0000-00-00 00:00:00'),
 (332,3,'8820',0,'0000-00-00 00:00:00'),
 (333,4,'8820',0,'0000-00-00 00:00:00'),
 (334,5,'8820',0,'0000-00-00 00:00:00'),
 (335,6,'8820',0,'0000-00-00 00:00:00'),
 (336,7,'8820',0,'0000-00-00 00:00:00'),
 (337,8,'8820',0,'0000-00-00 00:00:00'),
 (338,9,'8820',0,'0000-00-00 00:00:00'),
 (339,10,'8820',0,'0000-00-00 00:00:00'),
 (340,11,'8820',0,'0000-00-00 00:00:00'),
 (341,2,'2281406',0,'0000-00-00 00:00:00'),
 (342,3,'2281406',0,'0000-00-00 00:00:00'),
 (343,4,'2281406',0,'0000-00-00 00:00:00'),
 (344,5,'2281406',0,'0000-00-00 00:00:00'),
 (345,6,'2281406',0,'0000-00-00 00:00:00'),
 (346,7,'2281406',0,'0000-00-00 00:00:00'),
 (347,8,'2281406',0,'0000-00-00 00:00:00'),
 (348,9,'2281406',0,'0000-00-00 00:00:00'),
 (349,10,'2281406',0,'0000-00-00 00:00:00'),
 (350,11,'2281406',0,'0000-00-00 00:00:00'),
 (351,2,'2200274',0,'0000-00-00 00:00:00'),
 (352,3,'2200274',0,'0000-00-00 00:00:00'),
 (353,4,'2200274',0,'0000-00-00 00:00:00'),
 (354,5,'2200274',0,'0000-00-00 00:00:00'),
 (355,6,'2200274',0,'0000-00-00 00:00:00'),
 (356,7,'2200274',0,'0000-00-00 00:00:00'),
 (357,8,'2200274',0,'0000-00-00 00:00:00'),
 (358,9,'2200274',0,'0000-00-00 00:00:00'),
 (359,10,'2200274',0,'0000-00-00 00:00:00'),
 (360,11,'2200274',0,'0000-00-00 00:00:00'),
 (361,2,'2283304',0,'0000-00-00 00:00:00'),
 (362,3,'2283304',0,'0000-00-00 00:00:00'),
 (363,4,'2283304',0,'0000-00-00 00:00:00'),
 (364,5,'2283304',0,'0000-00-00 00:00:00'),
 (365,6,'2283304',0,'0000-00-00 00:00:00'),
 (366,7,'2283304',0,'0000-00-00 00:00:00'),
 (367,8,'2283304',0,'0000-00-00 00:00:00'),
 (368,9,'2283304',0,'0000-00-00 00:00:00'),
 (369,10,'2283304',0,'0000-00-00 00:00:00'),
 (370,11,'2283304',0,'0000-00-00 00:00:00'),
 (371,2,'6803',0,'0000-00-00 00:00:00'),
 (372,3,'6803',0,'0000-00-00 00:00:00'),
 (373,4,'6803',0,'0000-00-00 00:00:00'),
 (374,5,'6803',0,'0000-00-00 00:00:00'),
 (375,6,'6803',0,'0000-00-00 00:00:00'),
 (376,7,'6803',0,'0000-00-00 00:00:00'),
 (377,8,'6803',0,'0000-00-00 00:00:00'),
 (378,9,'6803',0,'0000-00-00 00:00:00'),
 (379,10,'6803',0,'0000-00-00 00:00:00'),
 (380,11,'6803',0,'0000-00-00 00:00:00'),
 (381,2,'357328',0,'0000-00-00 00:00:00'),
 (382,3,'357328',0,'0000-00-00 00:00:00'),
 (383,4,'357328',0,'0000-00-00 00:00:00'),
 (384,5,'357328',0,'0000-00-00 00:00:00'),
 (385,6,'357328',0,'0000-00-00 00:00:00'),
 (386,7,'357328',0,'0000-00-00 00:00:00'),
 (387,8,'357328',0,'0000-00-00 00:00:00'),
 (388,9,'357328',0,'0000-00-00 00:00:00'),
 (389,10,'357328',0,'0000-00-00 00:00:00'),
 (390,11,'357328',0,'0000-00-00 00:00:00'),
 (391,2,'552',0,'0000-00-00 00:00:00'),
 (392,3,'552',0,'0000-00-00 00:00:00'),
 (393,4,'552',0,'0000-00-00 00:00:00'),
 (394,5,'552',0,'0000-00-00 00:00:00'),
 (395,6,'552',0,'0000-00-00 00:00:00'),
 (396,7,'552',0,'0000-00-00 00:00:00'),
 (397,8,'552',0,'0000-00-00 00:00:00'),
 (398,9,'552',0,'0000-00-00 00:00:00'),
 (399,10,'552',0,'0000-00-00 00:00:00'),
 (400,11,'552',0,'0000-00-00 00:00:00'),
 (401,2,'903',0,'0000-00-00 00:00:00'),
 (402,3,'903',0,'0000-00-00 00:00:00'),
 (403,4,'903',0,'0000-00-00 00:00:00'),
 (404,5,'903',0,'0000-00-00 00:00:00'),
 (405,6,'903',0,'0000-00-00 00:00:00'),
 (406,7,'903',0,'0000-00-00 00:00:00'),
 (407,8,'903',0,'0000-00-00 00:00:00'),
 (408,9,'903',0,'0000-00-00 00:00:00'),
 (409,10,'903',0,'0000-00-00 00:00:00'),
 (410,11,'903',0,'0000-00-00 00:00:00'),
 (411,2,'21522',0,'0000-00-00 00:00:00'),
 (412,3,'21522',0,'0000-00-00 00:00:00'),
 (413,4,'21522',0,'0000-00-00 00:00:00'),
 (414,5,'21522',0,'0000-00-00 00:00:00'),
 (415,6,'21522',0,'0000-00-00 00:00:00'),
 (416,7,'21522',0,'0000-00-00 00:00:00'),
 (417,8,'21522',0,'0000-00-00 00:00:00'),
 (418,9,'21522',0,'0000-00-00 00:00:00'),
 (419,10,'21522',0,'0000-00-00 00:00:00'),
 (420,11,'21522',0,'0000-00-00 00:00:00'),
 (421,2,'178473',0,'0000-00-00 00:00:00'),
 (422,3,'178473',0,'0000-00-00 00:00:00'),
 (423,4,'178473',0,'0000-00-00 00:00:00'),
 (424,5,'178473',0,'0000-00-00 00:00:00'),
 (425,6,'178473',0,'0000-00-00 00:00:00'),
 (426,7,'178473',0,'0000-00-00 00:00:00'),
 (427,8,'178473',0,'0000-00-00 00:00:00'),
 (428,9,'178473',0,'0000-00-00 00:00:00'),
 (429,10,'178473',0,'0000-00-00 00:00:00'),
 (430,11,'178473',0,'0000-00-00 00:00:00'),
 (431,2,'277',0,'0000-00-00 00:00:00'),
 (432,3,'277',0,'0000-00-00 00:00:00'),
 (433,4,'277',0,'0000-00-00 00:00:00'),
 (434,5,'277',0,'0000-00-00 00:00:00'),
 (435,6,'277',0,'0000-00-00 00:00:00'),
 (436,7,'277',0,'0000-00-00 00:00:00'),
 (437,8,'277',0,'0000-00-00 00:00:00'),
 (438,9,'277',0,'0000-00-00 00:00:00'),
 (439,10,'277',0,'0000-00-00 00:00:00'),
 (440,11,'277',0,'0000-00-00 00:00:00'),
 (441,2,'6811',0,'0000-00-00 00:00:00'),
 (442,3,'6811',0,'0000-00-00 00:00:00'),
 (443,4,'6811',0,'0000-00-00 00:00:00'),
 (444,5,'6811',0,'0000-00-00 00:00:00'),
 (445,6,'6811',0,'0000-00-00 00:00:00'),
 (446,7,'6811',0,'0000-00-00 00:00:00'),
 (447,8,'6811',0,'0000-00-00 00:00:00'),
 (448,9,'6811',0,'0000-00-00 00:00:00'),
 (449,10,'6811',0,'0000-00-00 00:00:00'),
 (450,11,'6811',0,'0000-00-00 00:00:00'),
 (451,2,'6532',0,'0000-00-00 00:00:00'),
 (452,3,'6532',0,'0000-00-00 00:00:00'),
 (453,4,'6532',0,'0000-00-00 00:00:00'),
 (454,5,'6532',0,'0000-00-00 00:00:00'),
 (455,6,'6532',0,'0000-00-00 00:00:00'),
 (456,7,'6532',0,'0000-00-00 00:00:00'),
 (457,8,'6532',0,'0000-00-00 00:00:00'),
 (458,9,'6532',0,'0000-00-00 00:00:00'),
 (459,10,'6532',0,'0000-00-00 00:00:00'),
 (460,11,'6532',0,'0000-00-00 00:00:00'),
 (461,2,'3138',0,'0000-00-00 00:00:00'),
 (462,3,'3138',0,'0000-00-00 00:00:00'),
 (463,4,'3138',0,'0000-00-00 00:00:00'),
 (464,5,'3138',0,'0000-00-00 00:00:00'),
 (465,6,'3138',0,'0000-00-00 00:00:00'),
 (466,7,'3138',0,'0000-00-00 00:00:00'),
 (467,8,'3138',0,'0000-00-00 00:00:00'),
 (468,9,'3138',0,'0000-00-00 00:00:00'),
 (469,10,'3138',0,'0000-00-00 00:00:00'),
 (470,11,'3138',0,'0000-00-00 00:00:00'),
 (471,2,'3137',0,'0000-00-00 00:00:00'),
 (472,3,'3137',0,'0000-00-00 00:00:00'),
 (473,4,'3137',0,'0000-00-00 00:00:00'),
 (474,5,'3137',0,'0000-00-00 00:00:00'),
 (475,6,'3137',0,'0000-00-00 00:00:00'),
 (476,7,'3137',0,'0000-00-00 00:00:00'),
 (477,8,'3137',0,'0000-00-00 00:00:00'),
 (478,9,'3137',0,'0000-00-00 00:00:00'),
 (479,10,'3137',0,'0000-00-00 00:00:00'),
 (480,11,'3137',0,'0000-00-00 00:00:00'),
 (481,2,'481028',0,'0000-00-00 00:00:00'),
 (482,3,'481028',0,'0000-00-00 00:00:00'),
 (483,4,'481028',0,'0000-00-00 00:00:00'),
 (484,5,'481028',0,'0000-00-00 00:00:00'),
 (485,6,'481028',0,'0000-00-00 00:00:00'),
 (486,7,'481028',0,'0000-00-00 00:00:00'),
 (487,8,'481028',0,'0000-00-00 00:00:00'),
 (488,9,'481028',0,'0000-00-00 00:00:00'),
 (489,10,'481028',0,'0000-00-00 00:00:00'),
 (490,11,'481028',0,'0000-00-00 00:00:00'),
 (491,2,'17031',0,'0000-00-00 00:00:00'),
 (492,3,'17031',0,'0000-00-00 00:00:00'),
 (493,4,'17031',0,'0000-00-00 00:00:00'),
 (494,5,'17031',0,'0000-00-00 00:00:00'),
 (495,6,'17031',0,'0000-00-00 00:00:00'),
 (496,7,'17031',0,'0000-00-00 00:00:00'),
 (497,8,'17031',0,'0000-00-00 00:00:00'),
 (498,9,'17031',0,'0000-00-00 00:00:00'),
 (499,10,'17031',0,'0000-00-00 00:00:00'),
 (500,11,'17031',0,'0000-00-00 00:00:00'),
 (501,2,'17032',0,'0000-00-00 00:00:00'),
 (502,3,'17032',0,'0000-00-00 00:00:00'),
 (503,4,'17032',0,'0000-00-00 00:00:00'),
 (504,5,'17032',0,'0000-00-00 00:00:00'),
 (505,6,'17032',0,'0000-00-00 00:00:00'),
 (506,7,'17032',0,'0000-00-00 00:00:00'),
 (507,8,'17032',0,'0000-00-00 00:00:00'),
 (508,9,'17032',0,'0000-00-00 00:00:00'),
 (509,10,'17032',0,'0000-00-00 00:00:00'),
 (510,11,'17032',0,'0000-00-00 00:00:00'),
 (511,2,'2912',0,'0000-00-00 00:00:00'),
 (512,3,'2912',0,'0000-00-00 00:00:00'),
 (513,4,'2912',0,'0000-00-00 00:00:00'),
 (514,5,'2912',0,'0000-00-00 00:00:00'),
 (515,6,'2912',0,'0000-00-00 00:00:00'),
 (516,7,'2912',0,'0000-00-00 00:00:00'),
 (517,8,'2912',0,'0000-00-00 00:00:00'),
 (518,9,'2912',0,'0000-00-00 00:00:00'),
 (519,10,'2912',0,'0000-00-00 00:00:00'),
 (520,11,'2912',0,'0000-00-00 00:00:00'),
 (521,2,'8113',0,'0000-00-00 00:00:00'),
 (522,3,'8113',0,'0000-00-00 00:00:00'),
 (523,4,'8113',0,'0000-00-00 00:00:00'),
 (524,5,'8113',0,'0000-00-00 00:00:00'),
 (525,6,'8113',0,'0000-00-00 00:00:00'),
 (526,7,'8113',0,'0000-00-00 00:00:00'),
 (527,8,'8113',0,'0000-00-00 00:00:00'),
 (528,9,'8113',0,'0000-00-00 00:00:00'),
 (529,10,'8113',0,'0000-00-00 00:00:00'),
 (530,11,'8113',0,'0000-00-00 00:00:00'),
 (531,2,'8110',0,'0000-00-00 00:00:00'),
 (532,3,'8110',0,'0000-00-00 00:00:00'),
 (533,4,'8110',0,'0000-00-00 00:00:00'),
 (534,5,'8110',0,'0000-00-00 00:00:00'),
 (535,6,'8110',0,'0000-00-00 00:00:00'),
 (536,7,'8110',0,'0000-00-00 00:00:00'),
 (537,8,'8110',0,'0000-00-00 00:00:00'),
 (538,9,'8110',0,'0000-00-00 00:00:00'),
 (539,10,'8110',0,'0000-00-00 00:00:00'),
 (540,11,'8110',0,'0000-00-00 00:00:00'),
 (541,2,'1453343',0,'0000-00-00 00:00:00'),
 (542,3,'1453343',0,'0000-00-00 00:00:00'),
 (543,4,'1453343',0,'0000-00-00 00:00:00'),
 (544,5,'1453343',0,'0000-00-00 00:00:00'),
 (545,6,'1453343',0,'0000-00-00 00:00:00'),
 (546,7,'1453343',0,'0000-00-00 00:00:00'),
 (547,8,'1453343',0,'0000-00-00 00:00:00'),
 (548,9,'1453343',0,'0000-00-00 00:00:00'),
 (549,10,'1453343',0,'0000-00-00 00:00:00'),
 (550,11,'1453343',0,'0000-00-00 00:00:00'),
 (551,2,'978',0,'0000-00-00 00:00:00'),
 (552,3,'978',0,'0000-00-00 00:00:00'),
 (553,4,'978',0,'0000-00-00 00:00:00'),
 (554,5,'978',0,'0000-00-00 00:00:00'),
 (555,6,'978',0,'0000-00-00 00:00:00'),
 (556,7,'978',0,'0000-00-00 00:00:00'),
 (557,8,'978',0,'0000-00-00 00:00:00'),
 (558,9,'978',0,'0000-00-00 00:00:00'),
 (559,10,'978',0,'0000-00-00 00:00:00'),
 (560,11,'978',0,'0000-00-00 00:00:00'),
 (561,2,'977',0,'0000-00-00 00:00:00'),
 (562,3,'977',0,'0000-00-00 00:00:00'),
 (563,4,'977',0,'0000-00-00 00:00:00'),
 (564,5,'977',0,'0000-00-00 00:00:00'),
 (565,6,'977',0,'0000-00-00 00:00:00'),
 (566,7,'977',0,'0000-00-00 00:00:00'),
 (567,8,'977',0,'0000-00-00 00:00:00'),
 (568,9,'977',0,'0000-00-00 00:00:00'),
 (569,10,'977',0,'0000-00-00 00:00:00'),
 (570,11,'977',0,'0000-00-00 00:00:00'),
 (571,2,'976',0,'0000-00-00 00:00:00'),
 (572,3,'976',0,'0000-00-00 00:00:00'),
 (573,4,'976',0,'0000-00-00 00:00:00'),
 (574,5,'976',0,'0000-00-00 00:00:00'),
 (575,6,'976',0,'0000-00-00 00:00:00'),
 (576,7,'976',0,'0000-00-00 00:00:00'),
 (577,8,'976',0,'0000-00-00 00:00:00'),
 (578,9,'976',0,'0000-00-00 00:00:00'),
 (579,10,'976',0,'0000-00-00 00:00:00'),
 (580,11,'976',0,'0000-00-00 00:00:00'),
 (581,2,'19492',0,'0000-00-00 00:00:00'),
 (582,3,'19492',0,'0000-00-00 00:00:00'),
 (583,4,'19492',0,'0000-00-00 00:00:00'),
 (584,5,'19492',0,'0000-00-00 00:00:00'),
 (585,6,'19492',0,'0000-00-00 00:00:00'),
 (586,7,'19492',0,'0000-00-00 00:00:00'),
 (587,8,'19492',0,'0000-00-00 00:00:00'),
 (588,9,'19492',0,'0000-00-00 00:00:00'),
 (589,10,'19492',0,'0000-00-00 00:00:00'),
 (590,11,'19492',0,'0000-00-00 00:00:00'),
 (591,2,'19492',0,'0000-00-00 00:00:00'),
 (592,3,'19492',0,'0000-00-00 00:00:00'),
 (593,4,'19492',0,'0000-00-00 00:00:00'),
 (594,5,'19492',0,'0000-00-00 00:00:00'),
 (595,6,'19492',0,'0000-00-00 00:00:00'),
 (596,7,'19492',0,'0000-00-00 00:00:00'),
 (597,8,'19492',0,'0000-00-00 00:00:00'),
 (598,9,'19492',0,'0000-00-00 00:00:00'),
 (599,10,'19492',0,'0000-00-00 00:00:00'),
 (600,11,'19492',0,'0000-00-00 00:00:00'),
 (601,2,'7',0,'0000-00-00 00:00:00'),
 (602,3,'7',0,'0000-00-00 00:00:00'),
 (603,4,'7',0,'0000-00-00 00:00:00'),
 (604,5,'7',0,'0000-00-00 00:00:00'),
 (605,6,'7',0,'0000-00-00 00:00:00'),
 (606,7,'7',0,'0000-00-00 00:00:00'),
 (607,8,'7',0,'0000-00-00 00:00:00'),
 (608,9,'7',0,'0000-00-00 00:00:00'),
 (609,10,'7',0,'0000-00-00 00:00:00'),
 (610,11,'7',0,'0000-00-00 00:00:00'),
 (611,2,'2284599',0,'0000-00-00 00:00:00'),
 (612,3,'2284599',0,'0000-00-00 00:00:00'),
 (613,4,'2284599',0,'0000-00-00 00:00:00'),
 (614,5,'2284599',0,'0000-00-00 00:00:00'),
 (615,6,'2284599',0,'0000-00-00 00:00:00'),
 (616,7,'2284599',0,'0000-00-00 00:00:00'),
 (617,8,'2284599',0,'0000-00-00 00:00:00'),
 (618,9,'2284599',0,'0000-00-00 00:00:00'),
 (619,10,'2284599',0,'0000-00-00 00:00:00'),
 (620,11,'2284599',0,'0000-00-00 00:00:00');
CREATE TABLE  `SiPAS`.`facturas` (
  `fecha_recepcion` timestamp NOT NULL DEFAULT CURRENT_TIMESTAMP ON UPDATE CURRENT_TIMESTAMP,
  `monto_total` varchar(19) NOT NULL,
  `numero_factura` int(50) NOT NULL,
  `rut_proveedor` varchar(30) NOT NULL,
  `id_facturas` int(11) NOT NULL AUTO_INCREMENT,
  `numero_oc` int(11) NOT NULL,
  `producto` text NOT NULL,
  `precio` text NOT NULL,
  `iva` text NOT NULL,
  `lista` text NOT NULL,
  `precioconiva` text NOT NULL,
  `ivadiscriminado` text NOT NULL,
  `preciolista` text NOT NULL,
  `cantidad` text NOT NULL,
  `preciototal` text NOT NULL,
  PRIMARY KEY (`id_facturas`)
) ENGINE=MyISAM AUTO_INCREMENT=669 DEFAULT CHARSET=latin1;
INSERT INTO `SiPAS`.`facturas` VALUES  ('2012-02-24 00:00:00','5555',5555,'11632134-3',666,4545,'????\0JFIF\0\0\0\0\0\0\0???Exif\0\0MM\0*\0\0\0\0\0\0\0\0\0\0\01\0\0\0\0/\0\0V2\0\0\0\0\0\0??i\0\0\0\0\0\0??\0\0\0\0\0\0J\0\0??\0\0\0\0\0\0\0\0\0\0\0\0\0\0\0\0\0\0\0\0\0\0\0\0\0\0\0\0\0\0\0\0\0\0\0\0\0\0\0\0\0\0\0\0\0\0\0\0\0\0\0\0\0\0\0\0\0\0\0\0\0\0\0\0\0\0\0\0\0\0\0\0\0\0\0\0\0\0\0\0\0\0\0\0\0\0\0\0\0\0\0\0\0\0\0\0\0\0\0\0\0\0\0\0\0\0\0\0\0\0\0\0\0\0\0\0\0\0\0\0\0\0\0\0\0\0\0\0\0\0\0\0\0\0\0\0\0\0\0\0\0\0\0\0\0\0\0\0\0\0\0\0\0\0\0\0\0\0\0\0\0\0\0\0\0\0\0\0\0\0\0\0\0\0\0\0\0\0\0\0\0\0\0\0\0\0\0\0\0\0\0\0\0\0\0\0\0\0\0\0\0\0\0\0\0\0\0\0\0\0\0\0\0\0\0\0\0\0\0\0\0\0\0\0\0\0\0\0\0\0\0\0\0\0\0\0\0\0\0\0\0\0\0\0\0\0\0\0\0\0\0\0\0\0\0\0\0\0\0\0\0\0\0\0\0\0\0\0\0\0\0\0\0\0\0\0\0\0\0\0\0\0\0\0\0\0\0\0\0\0\0\0\0\0\0\0\0\0\0\0\0\0\0\0\0\0\0\0\0\0\0\0\0\0\0\0\0\0\0\0\0\0\0\0\0\0\0\0\0\0\0\0\0\0\0\0\0\0\0\0\0\0\0\0\0\0\0\0\0\0\0\0\0\0\0\0\0\0\0\0\0\0\0\0\0\0\0\0\0\0\0\0\0\0\0\0\0\0\0\0\0\0\0\0\0\0\0\0\0\0\0\0\0\0\0\0\0\0\0\0\0\0\0\0\0\0\0\0\0\0\0\0\0\0\0\0\0\0\0\0\0\0\0\0\0\0\0\0\0\0\0\0\0\0\0\0\0\0\0\0\0\0\0\0\0\0\0\0\0\0\0\0\0\0\0\0\0\0\0\0\0\0\0\0\0\0\0\0\0\0\0\0\0\0\0\0\0\0\0\0\0\0\0\0\0\0\0\0\0\0\0\0\0\0\0\0\0\0\0\0\0\0\0\0\0\0\0\0\0\0\0\0\0\0\0\0\0\0\0\0\0\0\0\0\0\0\0\0\0\0\0\0\0\0\0\0\0\0\0\0\0\0\0\0\0\0\0\0\0\0\0\0\0\0\0\0\0\0\0\0\0\0\0\0\0\0\0\0\0\0\0\0\0\0\0\0\0\0\0\0\0\0\0\0\0\0\0\0\0\0\0\0\0\0\0\0\0\0\0\0\0\0\0\0\0\0\0\0\0\0\0\0\0\0\0\0\0\0\0\0\0\0\0\0\0\0\0\0\0\0\0\0\0\0\0\0\0\0\0\0\0\0\0\0\0\0\0\0\0\0\0\0\0\0\0\0\0\0\0\0\0\0\0\0\0\0\0\0\0\0\0\0\0\0\0\0\0\0\0\0\0\0\0\0\0\0\0\0\0\0\0\0\0\0\0\0\0\0\0\0\0\0\0\0\0\0\0\0\0\0\0\0\0\0\0\0\0\0\0\0\0\0\0\0\0\0\0\0\0\0\0\0\0\0\0\0\0\0\0\0\0\0\0\0\0\0\0\0\0\0\0\0\0\0\0\0\0\0\0\0\0\0\0\0\0\0\0\0\0\0\0\0\0\0\0\0\0\0\0\0\0\0\0\0\0\0\0\0\0\0\0\0\0\0\0\0\0\0\0\0\0\0\0\0\0\0\0\0\0\0\0\0\0\0\0\0\0\0\0\0\0\0\0\0\0\0\0\0\0\0\0\0\0\0\0\0\0\0\0\0\0\0\0\0\0\0\0\0\0\0\0\0\0\0\0\0\0\0\0\0\0\0\0\0\0\0\0\0\0\0\0\0\0\0\0\0\0\0\0\0\0\0\0\0\0\0\0\0\0\0\0\0\0\0\0\0\0\0\0\0\0\0\0\0\0\0\0\0\0\0\0\0\0\0\0\0\0\0\0\0\0\0\0\0\0\0\0\0\0\0\0\0\0\0\0\0\0\0\0\0\0\0\0\0\0\0\0\0\0\0\0\0\0\0\0\0\0\0\0\0\0\0\0\0\0\0\0\0\0\0\0\0\0\0\0\0\0\0\0\0\0\0\0\0\0\0\0\0\0\0\0\0\0\0\0\0\0\0\0\0\0\0\0\0\0\0\0\0\0\0\0\0\0\0\0\0\0\0\0\0\0\0\0\0\0\0\0\0\0\0\0\0\0\0\0\0\0\0\0\0\0\0\0\0\0\0\0\0\0\0\0\0\0\0\0\0\0\0\0\0\0\0\0\0\0\0\0\0\0\0\0\0\0\0\0\0\0\0\0\0\0\0\0\0\0\0\0\0\0\0\0\0\0\0\0\0\0\0\0\0\0\0\0\0\0\0\0\0\0\0\0\0\0\0\0\0\0\0\0\0\0\0\0\0\0\0\0\0\0\0\0\0\0\0\0\0\0\0\0\0\0\0\0\0\0\0\0\0\0\0\0\0\0\0\0\0\0\0\0\0\0\0\0\0\0\0\0\0\0\0\0\0\0\0\0\0\0\0\0\0\0\0\0\0\0\0\0\0\0\0\0\0\0\0\0\0\0\0\0\0\0\0\0\0\0\0\0\0\0\0\0\0\0\0\0\0\0\0\0\0\0\0\0\0\0\0\0\0\0\0\0\0\0\0\0\0\0\0\0\0\0\0\0\0\0\0\0\0\0\0\0\0\0\0\0\0\0\0\0\0\0\0\0\0\0\0\0\0\0\0\0\0\0\0\0\0\0\0\0\0\0\0\0\0\0\0\0\0\0\0\0\0\0\0\0\0\0\0\0\0\0\0\0\0\0\0\0\0\0\0\0\0\0\0\0\0\0\0\0\0\0\0\0\0\0\0\0\0\0\0\0\0\0\0\0\0\0\0\0\0\0\0\0\0\0\0\0\0\0\0\0\0\0\0\0\0\0\0\0\0\0\0\0\0\0\0\0\0\0\0\0\0\0\0\0\0\0\0\0\0\0\0\0\0\0\0\0\0\0\0\0\0\0\0\0\0\0\0\0\0\0\0\0\0\0\0\0\0\0\0\0\0\0\0\0\0\0\0\0\0\0\0\0\0\0\0\0\0\0\0\0\0\0\0\0\0\0\0\0\0\0\0\0\0\0\0\0\0\0\0\0\0\0\0\0\0\0\0\0\0\0\0\0\0\0\0\0\0\0\0\0\0\0\0\0\0\0\0\0\0\0\0\0\0\0\0\0\0\0\0\0\0\0\0\0\0\0\0\0\0\0\0\0\0\0\0\0\0\0\0\0\0\0\0\0\0\0\0\0\0\0\0\0\0\0\0\0\0\0\0\0\0\0\0\0\0\0\0\0\0\0\0\0\0\0\0\0\0\0\0\0\0\0\0\0\0\0\0\0\0\0\0\0\0\0\0\0\0\0\0\0\0\0\0\0\0\0\0\0\0\0\0\0\0\0\0\0\0\0\0\0\0\0\0\0\0\0\0\0\0\0\0\0\0\0\0\0\0\0\0\0\0\0\0\0\0\0\0\0\0\0\0\0\0\0\0\0\0\0\0\0\0\0\0\0\0\0\0\0\0\0\0\0\0\0\0\0\0\0\0\0\0\0\0\0\0\0\0\0\0\0\0\0\0\0\0\0\0\0\0\0\0\0\0\0\0\0\0\0\0\0\0\0\0\0\0\0\0\0\0\0\0\0\0\0\0\0\0\0\0\0\0\0\0\0\0\0\0\0\0\0\0\0\0\0\0\0\0\0\0\0\0\0\0\0\0\0\0\0\0\0\0\0\0\0\0\0\0\0\0\0\0\0\0\0\0\0\0\0\0\0\0\0\0\0\0\0\0\0\0\0\0\0\0\0\0\0\0\0\0\0\0\0\0\0\0\0\0\0\0\0\0\0\0\0\0\0\0\0\0\0\0\0\0\0\0\0\0\0\0\0\0\0\0\0\0\0\0\0\0\0\0\0\0\0\0\0\0\0\0\0\0\0\0\0\0\0\0\0\0\0\0\0\0\0\0\0\0\0\0\0\0\0\0\0\0\0\0\0\0\0\0\0\0\0\0\0\0\0\0\0\0\0\0\0\0\0\0\0\0\0\0\0\0\0\0\0\0\0\0\0\0\0\0\0\0\0\0\0\0\0\0\0\0\0\0\0\0\0\0\0\0\0\0\0\0\0\0\0\0\0\0\0\0\0\0\0\0\0\0\0\0\0\0\0\0\0\0\0\0\0\0\0\0\0\0\0\0\0\0\0\0\0\0\0\0\0\0\0\0\0\0\0\0\0\0\0\0\0\0\0\0\0\0\0\0\0\0\0\0\0\0\0\0\0\0\0\0\0\0\0\0\0\0\0\0\0\0\0\0\0\0\0\0\0\0\0\0\0\0\0\0\0\0\0\0\0\0\0\0\0\0\0\0\0\0\0\0\0\0\0\0\0\0\0\0\0\0\0\0\0\0\0\0\0\0\0\0\0\0\0\0\0\0\0\0\0\0\0\0\0\0\0\0\0\0\0Microsoft Windows Photo Gallery 6.0.6000.16386\0\02007:11:30 12:01:15\0\0? \0\0\0\0!\0\0??\0\0\0\0\0?\0\0\0\0?\0\0\0\0\0\0\0\0\0\0\0\0\0\0\0\0\0\0\0\0\0\0\0\0\0\0\0\0\0\0\0\0\0\0\0\0\0\0\0\0\0\0\0\0\0\0\0\0\0\0\0\0\0\0\0\0\0\0\0\0\0\0\0\0\0\0\0\0\0\0\0\0\0\0\0\0\0\0\0\0\0\0\0\0\0\0\0\0\0\0\0\0\0\0\0\0\0\0\0\0\0\0\0\0\0\0\0\0\0\0\0\0\0\0\0\0\0\0\0\0\0\0\0\0\0\0\0\0\0\0\0\0\0\0\0\0\0\0\0\0\0\0\0\0\0\0\0\0\0\0\0\0\0\0\0\0\0\0\0\0\0\0\0\0\0\0\0\0\0\0\0\0\0\0\0\0\0\0\0\0\0\0\0\0\0\0\0\0\0\0\0\0\0\0\0\0\0\0\0\0\0\0\0\0\0\0\0\0\0\0\0\0\0\0\0\0\0\0\0\0\0\0\0\0\0\0\0\0\0\0\0\0\0\0\0\0\0\0\0\0\0\0\0\0\0\0\0\0\0\0\0\0\0\0\0\0\0\0\0\0\0\0\0\0\0\0\0\0\0\0\0\0\0\0\0\0\0\0\0\0\0\0\0\0\0\0\0\0\0\0\0\0\0\0\0\0\0\0\0\0\0\0\0\0\0\0\0\0\0\0\0\0\0\0\0\0\0\0\0\0\0\0\0\0\0\0\0\0\0\0\0\0\0\0\0\0\0\0\0\0\0\0\0\0\0\0\0\0\0\0\0\0\0\0\0\0\0\0\0\0\0\0\0\0\0\0\0\0\0\0\0\0\0\0\0\0\0\0\0\0\0\0\0\0\0\0\0\0\0\0\0\0\0\0\0\0\0\0\0\0\0\0\0\0\0\0\0\0\0\0\0\0\0\0\0\0\0\0\0\0\0\0\0\0\0\0\0\0\0\0\0\0\0\0\0\0\0\0\0\0\0\0\0\0\0\0\0\0\0\0\0\0\0\0\0\0\0\0\0\0\0\0\0\0\0\0\0\0\0\0\0\0\0\0\0\0\0\0\0\0\0\0\0\0\0\0\0\0\0\0\0\0\0\0\0\0\0\0\0\0\0\0\0\0\0\0\0\0\0\0\0\0\0\0\0\0\0\0\0\0\0\0\0\0\0\0\0\0\0\0\0\0\0\0\0\0\0\0\0\0\0\0\0\0\0\0\0\0\0\0\0\0\0\0\0\0\0\0\0\0\0\0\0\0\0\0\0\0\0\0\0\0\0\0\0\0\0\0\0\0\0\0\0\0\0\0\0\0\0\0\0\0\0\0\0\0\0\0\0\0\0\0\0\0\0\0\0\0\0\0\0\0\0\0\0\0\0\0\0\0\0\0\0\0\0\0\0\0\0\0\0\0\0\0\0\0\0\0\0\0\0\0\0\0\0\0\0\0\0\0\0\0\0\0\0\0\0\0\0\0\0\0\0\0\0\0\0\0\0\0\0\0\0\0\0\0\0\0\0\0\0\0\0\0\0\0\0\0\0\0\0\0\0\0\0\0\0\0\0\0\0\0\0\0\0\0\0\0\0\0\0\0\0\0\0\0\0\0\0\0\0\0\0\0\0\0\0\0\0\0\0\0\0\0\0\0\0\0\0\0\0\0\0\0\0\0\0\0\0\0\0\0\0\0\0\0\0\0\0\0\0\0\0\0\0\0\0\0\0\0\0\0\0\0\0\0\0\0\0\0\0\0\0\0\0\0\0\0\0\0\0\0\0\0\0\0\0\0\0\0\0\0\0\0\0\0\0\0\0\0\0\0\0\0\0\0\0\0\0\0\0\0\0\0\0\0\0\0\0\0\0\0\0\0\0\0\0\0\0\0\0\0\0\0\0\0\0\0\0\0\0\0\0\0\0\0\0\0\0\0\0\0\0\0\0\0\0\0\0\0\0\0\0\0\0\0\0\0\0\0\0\0\0\0\0\0\0\0\0\0\0\0\0\0\0\0\0\0\0\0\0\0\0\0\0\0\0\0\0\0\0\0\0\0\0\0\0\0\0\0\0\0\0\0\0\0\0\0\0\0\0\0\0\0\0\0\0\0\0\0\0\0\0\0\0\0\0\0\0\0\0\0\0\0\0\0\0\0\0\0\0\0\0\0\0\0\0\0\0\0\0\0\0\0\0\0\0\0\0\0\0\0\0\0\0\0\0\0\0\0\0\0\0\0\0\0\0\0\0\0\0\0\0\0\0\0\0\0\0\0\0\0\0\0\0\0\0\0\0\0\0\0\0\0\0\0\0\0\0\0\0\0\0\0\0\0\0\0\0\0\0\0\0\0\0\0\0\0\0\0\0\0\0\0\0\0\0\0\0\0\0\0\0\0\0\0\0\0\0\0\0\0\0\0\0\0\0\0\0\0\0\0\0\0\0\0\0\0\0\0\0\0\0\0\0\0\0\0\0\0\0\0\0\0\0\0\0\0\0\0\0\0\0\0\0\0\0\0\0\0\0\0\0\0\0\0\0\0\0\0\0\0\0\0\0\0\0\0\0\0\0\0\0\0\0\0\0\0\0\0\0\0\0\0\0\0\0\0\0\0\0\0\0\0\0\0\0\0\0\0\0\0\0\0\0\0\0\0\0\0\0\0\0\0\0\0\0\0\0\0\0\0\0\0\0\0\0\0\0\0\0\0\0\0\0\0\0\0\0\0\0\0\0\0\0\0\0\0\0\0\0\0\0\0\0\0\0\0\0\0\0\0\0\0\0\0\0\0\0\0\0\0\0\0\0\0\0\0\0\0\0\0\0\0\0\0\0\0\0\0\0\0\0\0\0\0\0\0\0\0\0\0\0\0\0\0\0\0\0\0\0\0\0\0\0\0\0\0\0\0\0\0\0\0\0\0\0\0\0\0\0\0\0\0\0\0\0\0\0\0\0\0\0\0\0\0\0\0\0\0\0\0\0\0\0\0\0\0\0\0\0\0\0\0\0\0\0\0\0\0\0\0\0\0\0\0\0\0\0\0\0\0\0\0\0\0\0\0\0\0\0\0\0\0\0\0\0\0\0\0\0\0\0\0\0\0\0\0\0\0\0\0\0\0\0\0\0\0\0\0\0\0\0\0\0\0\0\0\0\0\0\0\0\0\0\0\0\0\0\0\0\0\0\0\0\0\0\0\0\0\0\0\0\0\0\0\0\0\0\0\0\0\0\0\0\0\0\0\0\0\0\0\0\0\0\0\0\0\0\0\0\0\0\0\0\0\0\0\0\0\0\0\0\0\0\0\0\0\0\0\0\0\0\0\0\0\0\0\0\0\0\0\0\0\0\0\0\0\0\0\0\0\0\0\0\0\0\0\0\0\0\0\0\0\0\0\0\0\0\0\0\0\0\0\0\0\0\0\0\0\0\0\0\0\0\0\0\0\0\0\0\0\0\0\0\0\0\0\0\0\0\0\0\0\0\0\0\0\0\0\0\0\0\0\0\0\0\0\0\0\0\0\0\0\0\0\0\0\0\0\0\0\0\0\0\0\0\0\0\0\0\0\0\0\0\0\0\0\0\0\0\0\0\0\0\0\0\0\0\0\0\0\0\0\0\0\0\0\0\0\0\0\0\0\0\0\0\0\0\0\0\0\0\0\0\0\0\0\0\0\0\0\0\0\0\0\0\0\0\0\0\0\0\0\0\0\0\0\0\0\0\0\0\0\0\0\0\0\0\0\0\0\0\0\0\0\0\0\0\0\0\0\0\0\0\0\0\0\0\0\0\0\0\0\0\0\0\0\0\0\0\0\0\0\0\0\0\0\0\0\0\0\0\0\0\0\0\0\0\0\0\0\0\0\0\0\0\0\0\0\0\0\0\0\0\0\0\0\0\0\0\0\0\0\0\0\0\0\0\0\0\0\0\0\0\0\0\0\0\0\0\0\0\0\0\0\0\0\0\0\0\0\0\0\0\0\0\0\0\0\0\0\0\0\0\0\0\0\0\0\0\0\0\0\0\0\0\0\0\0\0\0\0\0\0\0\0\0\0\0\0\0\0\0\0\0\0\0\0\0\0\0\0\0\0\0\0\0\0\0\0\0\0\0\0\0\0\0\0\0\0\0\0\0\0\0\0\0\0\0\0\0\0\0\0\0\0\0\0\0\0\0\0\0\0\0\0\0\0\0\0\0\0\0\0\0\0\0\0\0\0\0\0\0\0\0\0\0\0\0\0\0\0\0\0\0\0\0\0\0\0\0\0\0\0\0\0\0\0\0\0\0\0\0\0\0\0\0\0\0\0\0\0\0\0\0\0\0\0\0\0\0\0\0\0\0\0\0\0\0\0\0\0\0\0\0\0\0\0\0\0\0\0\0\0\0\0\0\0\0\0\0\0\0\0\0\0\0\0\0\0\0\0\0\0\0\0\0\0\0\0\0\0\0\0\0\0\0\0\0\0\0\0\0\0\0\0\0\0\0\0\0\0\0\0\0\0\0\0\0\0\0\0\0\0\0\0\0\0\0\0\0\0\0\0\0\0\0\0\0\0\0\0\0\0\0\0\0\0\0\0\0\0\0\0\0\0\0\0\0\0\0\0\0\0\0\0\0\0\0\0\0\0\0\0\0\0769A98265FB44250AD31D5A2FB7C732C\0\0\0\0\0\0\0\0\0\0\Z\0\0\0\0\0\04\0\0\0\0\0\0<(\0\0\0\0\0\0\0\0\0\0\0\0\0D\0\0\0\0\0\0\n\0\0\0\0\0\0\0\0\0\0\0\0\0\0\0\0\0\0????\0C\0		\n\r\Z\Z $.\' \",#(7),01444\'9=82<.342??\0C			\r\r2!!22222222222222222222222222222222222222222222222222??\0\0H\0`\"\0??\0\0\0\0\0\0\0\0\0\0\0	\n??\0?\0\0\0}\0!1AQa\"q2???#B??R??$3br?	\n\Z%&\'()*456789:CDEFGHIJSTUVWXYZcdefghijstuvwxyz???????????????????????????????????????????????????????????????????????????\0\0\0\0\0\0\0\0	\n??\0?\0\0w\0!1AQaq\"2?B????	#3R?br?\n$4?%?\Z&\'()*56789:CDEFGHIJSTUVWXYZcdefghijstuvwxyz??????????????????????????????????????????????????????????????????????????\0\0\0?\0????nM???N?n?>??XZ?Zn????/?N7?vc??k[[?[?-a???p??+????:v?mgk?wq?c?z?W?\\??$?1gH?e?A?az??A?wz}???j??????=?=/O?(??K?:nl}8?]??????D?V?d:jNZ??0v???^;]÷%? ???????o??GPI???d?q?l?J??????$?$w>V?.}???Z?-q>?&	*??J????(??k?Q?Q?w>~??Z?+x????`p??5?:d6>?????????y?5?????t?Ey ?????\0^??;???.?^V	???q?Mk9(????+??m5kMM^???\'??@O?k???????L}K??:\\????r?????~???>?-???V????kF?Y?O0?O?*O?\'q??yíR?|@d??xc?\n?n?r?\0?G??\0?\Z??\0??W?jq?-??%PL??z???\0?????B?RK5v?O???YZ???dh6w\Z??.?U$,?&{)???????????.???q\0??mh??p?%??X???????W?>???;k;?Z????9???S?????|????yu?#ga$?Zt??ll};?9?x.?o?FD??7?k??m??rk?<w?h?u7?l?B???*:d?>??J??tQ??d???Q??/??j?fsr???????D??	?0;rA??C???m?????v?pA?Vt????O<\'M??8\Z<?g??SK??g?4?d???J??u?F?kkX?>?O?^??????UK?;t???~???>G??9 c?i.G&???J?=????at?\\??p0?????????Cyq$??$i\n\r?j????2???[P??;\n2?W6L??~??????_?\0#U?\0???\n???Vk???G?^c??\0?\Z??\0??W?c??l?\0???I?/??~???j?Q^?,e??z?c?5?????p???m???????B?????QH?p?q^???>`???F<g??q????$@H\'???#????e?x?????f?2Doln??.U@???e^N6.1?L?H\"p\"?fP@???!5;]1#D??????}k???{?J?????O?Us????v?x??????d@\'???gNVM?E?a??B?v?\rp?Gv?)B?g+?x=????FfQ\'vZ?w?Cye?`????E?\0.????f?_y??U?;?}*?Wm???r?-aE????P9?\\??{F?>i&@?:??i???V???;?c?>???w??\0?@?r}@????ri???z?k???H??:???W?\0???+W?7??x??e?2\"?.xp?????\0?????B??EE<??????3???O?se???>???w,w[?S !?9?+?????r??{????A8??f?.?????o????S??|cM?\\??y?+3???9??P?j5?*??<??t????y?_?a<Q??B?@iPs????\Z?P??y???`%?????YfR??R3?g#?~?*O+SY?!1?I????*7w????!???4????O?-\"m??2?V?A??x?}Z(.cf?i???8???^{?????,?\0?\'9?\09?F??Y???2$\0s??{????G??)??????n?~???c,?a??\0??8?*K?K??8?2|?D`}?3M??8*C??/?8??Z?y?Kr?&?????w?3U,?8??fk$?Q?9}???g\'?FYm???\Z?T??$??BN??(%N?P?q???+}??j#???E?\0???oh?\0??t?g???@???	??a??z????W?\0???+???\0?\'q?/?\0???\0????e??<N9?j????G$?,.2t????::(??S?\n(??\n??sm$,H?IQM6?????4$?_=???\0q?o?j???m?s(v?\0l??LQEl???JdW?BH&Ib?utR@#?/8?\0??V?4??È?}?GL???)KRj?a\ZP??F??\0!8?????W?\0???(?????????\0#?\0?~g??\0??Mhttp://ns.adobe.com/xap/1.0/\0<?xpacket begin=\'?\' id=\'W5M0MpCehiHzreSzNTczkc9d\'?>\r\n<xmp:xmpmeta xmlns:xmp=\"adobe:ns:meta/\"><rdf:RDF xmlns:rdf=\"http://www.w3.org/1999/02/22-rdf-syntax-ns#\"><rdf:Description rdf:about=\"uuid:faf5bdd5-ba3d-11da-ad31-d33d75182f1b\" xmlns:xmp=\"http://ns.adobe.com/xap/1.0/\"><xmp:creatortool>Microsoft Windows Photo Gallery 6.0.6000.16386</xmp:creatortool></rdf:Description><rdf:Description rdf:about=\"uuid:faf5bdd5-ba3d-11da-ad31-d33d75182f1b\" xmlns:tiff=\"http://ns.adobe.com/tiff/1.0/\"><tiff:software>Microsoft Windows Photo Gallery 6.0.6000.16386</tiff:software><tiff:Orientation>1</tiff:Orientation></rdf:Description><rdf:Description xmlns:exif=\"http://ns.adobe.com/exif/1.0/\"><exif:ImageUniqueID>769A98265FB44250AD31D5A2FB7C732C</exif:ImageUniqueID></rdf:Description></rdf:RDF></xmp:xmpmeta>\r\n<?xpacket end=\'w\'?>                                                                                                    \n                                                                                                    \n                                                                                                    \n                                                                                                    \n                                                                                                    \n                                                                                                    \n                                                                                                    \n                                                                                                    \n                                                                                                    \n                                                                                                    \n                                                                                                    \n                                                                                                    \n                                                                                                    \n                                                                                                    \n                                                                                                    \n                                                                                                    \n                                                                                                    \n                                                                                                    \n                                                                                                    \n                                                                                                    \n                            ??\0C\0		\r\r\r\r\Z??\0C\n\n??\0??\"\0??\0\0\0\0\0\0\0\0\0\0\0	\n??\0?\0\0\0}\0!1AQa\"q2???#B??R??$3br?	\n\Z%&\'()*456789:CDEFGHIJSTUVWXYZcdefghijstuvwxyz???????????????????????????????????????????????????????????????????????????\0\0\0\0\0\0\0\0	\n??\0?\0\0w\0!1AQaq\"2?B????	#3R?br?\n$4?%?\Z&\'()*56789:CDEFGHIJSTUVWXYZcdefghijstuvwxyz??????????????????????????????????????????????????????????????????????????\0\0\0?\0?????\0?p?W??\"?\0??_-\'J???\n?k??s?%?\0?2?o_+I??T<??cJ??y??\0???=+??G??\0??\0r*?????o@?%:?c?D?(?d???|????????O?kOXj????[s?N?ii??3??R?cgj?;S???z?q-\\y\n???K??L??S?_7??o?Tj}??P??g????X??=???S???????{{??5?\rOl?????w????Hc?_???J??7l?]??zT???]#?]??\\????D???,??E???\0?r^\'?????=?Q;?p?;???\Z??Yo?X:?w}s???????UN?H???g6??_3??\0?|?>?4??;~?O?X2iR???E??\0?[v???\'?n???%W?S??u{ycH????\0?V??#?%??J?????6[?D?S?v:Sn??v???? ?????n??\0????7???.?????k?\0?)?}v????\0??*y??x?-?[{U?\0???:?????\0??Zj???o\n#?\0~j???????D?\0}(???????[???aM?DW???sq:y??O?\0l??M?q??\\\\?????ic=???V?O???|?+???-????*?^??M??????±\\?W%????????6K????g???K=??????k??M???*@?~??j~|?T???]5??>??O?????n]?\0?Z??h???Ub?????????Z?r??????????c?]?RU}J?v|?\0?S??I?^\"????H&ym?7????I.???U?;??~?\0?\\????.???^/?w??R??\'?\\\'???\r?B?-V(?????????t??W79EYg?<B??\0????X??_?\\\\|????;C?????p$?\Zj?????c7ovZ????/?O??W???????+?n???Z?/??????T??^ML?{?6lv6??bx?O[?????????>?}????Y?If;?\0??]??3??M?h:??h?.??t??|????????O???_C{?????\0?W???x?Sg??\0=qN?$??Q???d\r???R??l?}6]6???I?M??o[??$???}+??$??K\r??<z??>0??>??????D???+?[?\n??{??????????^?%???_|_?d?kR?????U5c?G?????X>?UB?k??5??s?I~?=sW??,??$J?a8d?j)\Z?????z??%?L??2?2?v.F?6????zts?Z????o???O??\Z9??mr?r,???_????????????f???qs????I*U;?(??Du??????Y??q?\0?QA/?r???9?!??z???\Z??m?????V???<???}{?:~?ko???vA??\'?:??Jg\rZG?x¾ ???+yv??l??????]5_l?????;????X%??eH?q?U?$o/???(a?8??H??#?>??A#+??[????u??\\c?u??|.x??\\??O??nZS,??>?	?L???\0?U|?SY\Zr\ZF`*?????????}\r?&p6????????S}[??5?c	???b????te???>?>4?yt?(m????{j??R?9?/J??4????+?|!??o.????rTM???gq??^S?????X?4?V+P?IR???\0??w]5!??\0????~p@??u~?c}?z?K????{???<?hJ?\rg??%?e?v????MR&q3 ????DJd??&?x_???u\"l??\0~??fU??????wx?>?Z????5}>????\r/????????<;?\n?\r9%??Q???$?\0%U??0P&?I?n???X?i\r???H>?????agWE???9?P??7??-??m??\"???\"T??do??,???a??\0C??????&?\0?i??0I?\0??z~???<A?\0x???H???-+?A??\0?:?d??-+?A??\0?:?o<?;?/???7??A?C???? }??Gÿ???????\0FV?????(????e?\0???5?=????????\Zb?Pz?^??Q@Q@??\04?????M?>?\0?2?o_%j?/g\'??M?_]?\0?I?x>9?r????\0Cz??\\???O?l???????W\'?n?????o?K?g??I????????w??L?co??$????\Z??v?]?0??W?J??z???|???^v????;h?-A;|?n?G???+??U?_????[?k?????4?B??x^? D?<?~?X???t???U??5z???*l?\0b??O??tKD{????)?Ck??e??>?q???M??hz\r?????O??\\??????\0D}???????\0?]\"?????7???z??X?+?z???M??k6z??\0h???W???w??b9??~k?l?^]B?<?K5????p?NCK???E??-A??In????Z??y1?}C?U???\'t??I??\0??M&??????J??--z_ZE??????O???&????Un??|??!?_??3/?:?????\0?\"U?.t??O??o?????2X????yY?????M????6K?yQ?E??i7?E6?????5v56\\l???ey???-?;???i????\0[?\\\'?em???[??{?????[??2?X?3??????_????~%?^??+????C???=??{7??B????%??^????\0a)?m??,?St??\0,?*Y?????o/?>???]?}????W??\"?:2/3??]M?\0|V??>?c#?Wh?????n????\0u???\"kryV?j?N??=?5?2T???-????*???Y?u????H?Mk-l??{???????S?#??I??j2#????????,o5????;?kGw{;?t?O????d??|??K?k*Z?4?B?xv???ZkV?????J??)?=??L?>?a????\rWS?????M???\'? t???	?4H?|/????~z?d?u???????xz???|?;?C=?Vv??\0??L&iL????y??]??\rmW/?X?|?J? _6?: &S?^[dGO?+#YX????/\"??????U?F?t?SX??H?????+?\0?????????Y??x??^??|???????@???\0?)X?fua??o??R_??bK???????cs?_?:?\0?|\n???8??!sQ?G???W?*|?\\?g????????}?%n_i???k??%??????i?%?W%jG?L????|=??[FwK+??}????%??<_::W??7??`?-g??_???He??t?e??W=\n?81?}x?v???r?/x#O?7\"$??]?>J$???_A??>?????.?}B/???[??????zF??}?l??????????1q?6_???????\Z?\n??>?yb?????F\\???4?z????\0????}F????)?g?:???9?W???/?G?PS???M????cg????i\0????0J?(?-??]???,??^?]?R?J??7z???\ns??????u?|?i???[??J?v????P???m????3???\0??o??\r4??V???]>w?]X|76?n?)?G?}??\0?nb?/bK????W???<???vUi%?3?????rr??up??a6?\\?J?=ï?T??o?Q?W!???V????X1??|?jMYvS?Z??!????=N?%?;?:{?????s.:???SA6??%cs;=j@$g?+?hnj???KV???@}??>1+5W9???\0\'?V???J??j?i??0?\r??uIb????V??z?#??q???KnJ?#.?\0?????I?A??S&?S}d?????x~?n????J?I9??#Qw;*|p?Iq?????\0?%|??	???E?<?}+?????d??????O??j???????}??Q\'?G1?a?<?????%?o?_d???????]?gO??+???;P?o.?&D?J????\\{?V`F??????R??=r?????O??(?T?Y\n???-U?f?b??L????Wdo?T?o???j?8?]???:???v?w\r??6>????????$?\0???=+????????d?\0??????_?;q???k????s?6^??i_???????????|l?????\nj?P??????\Z>???\0%\\?\0????2????~(?\0?G???#/???/????????\r?????????P(??\0(??\0???(???k????\'??\0z??Q?I??t{???i^??\09f?\0???????7???\\}??zW?)???l??z?E???l[.?_M??N?2??????PK?GG??KC?)?[$?[P????A???2???\0?Wz???-?O??Wt?%?\"?w????0?fp?}?{??wwJ??/j??????xzU?,????\0?^??x?	,?~??\0??\\3??F?>9??Z???:T?~?-??+?E??}?c??E??????\0\0??????<?|;??iSGW??>??swy&?????t???~-??w?T??\0r????\'?gO??DO?+Y?;?????q6?\0?%_)????Z?]??~??qo???Ai?+???\0q+?O|0?H~?w?<??\0=]+?<i???C?.?????\0??Uc9S8?\n?\\G??.?m\'?JmTx?X???<?x?O?V%???f?esU??mJ?r?????\0z??_??????:<I??k3???VWz??m??|????9??Q;MY<?}6?x???X:????e*^?\0?Xw\Z ?5??6?\0r??f????x???Ery???0H???{?\0?+2?\\?ko6?.??J???G{????%\\????\0?v????L???=x&H?&t?\0m>?kjW?f?r?z?????\0gIx?0??i???TV????g?????\0?Z??_?7?????????,?k?]l???H???\0????{?X%?w????J[?}??.\Z+t??9???t?[????D???z?t?mj?&?oq??????i??{??%O?J?????$?????$??5?2?$D?????+f??au??\0??ii???a??\\\'?S??\\O7??s???\"??????<??\0???[??o??5???>?>??8_?[?7?\Z??????????|????6\"?K???O??Ym??}???V?????(????~???Bg=qk????lJ????H????]7????M?*?\Zd??>??\r?<?s???\0??y/????E?[_???Y?l?+???\0?QZjD????\0r?\\G?l???q/?Y??iy?$M???Ks?K?#?+M>(??R??c9??=??\'?[????-W??QA?;???\0??>m??~z??7?;o?X#?\0~????dD??????H??J????y??v?q+x?S??J+????M?Q?_??Oj???????wc????S?j??_k3??t?=??+???????\0????l???T.?6?[????}	;?{??O???T[(Q>??????]?\0?[???w?3/2????M??n?q}???9j???K????R??`y_?%???C?/??^??\0	^&?????{w??MGyn???5X6????Y??5?9??O??H????tt????~??u??$w???+??m???a\'???10??lg?_%~?\Z}?ß???(?M?6??.????:?^e?ixv?Z??K?6??<?]*??>I???\'?????D?-?<^R}+?	W???O?????W?5?V/iv?\0???~?+??\"?jI?????5LG]?G?N?<??M??U?\\.??????}???o???Q=???V?_???3????>??9??*?E?+J8?f???n??p\"???\"~??|+?e??u???}???????:lO?????\r?[+?Q{h?q7???h??\'??~??\0	??xc?W%??????Z??o#???tY?#????^yw????r?^??Z?y?T??eEO???o??s?[?]??=e??q??zt???ww????????\0#?????<??}:1???Y\Z?;C??z´??Mz?)??????F?\0Tk????n~????x.Q??+?nC???bo?_????m??W??>???%??u?\n?|??I?????P5Td??+???%??w?+U&???{p?gM??Z???*%prK-O????7??)?????2???cn?KM??7????s??]0??sN?~H?H??ZX?}Y?_????????28O5f6?Tb??<LsNq3?eO4?:Tq*T???V0(?ze??????_???kMr??,?????P^q?b??v0?Y?2??T?s+4?~a|p?Wo??{?GO7????L???+???????.t?uD?2}??????}\"??????w???H?8W?i?\0?U?m???|?\0~?q9&?Q?Z?Z?U?v?\0n??Y??N??\0=+7~???]9}??<?Ud?>z?$??R7?}??\\i?v~???e?g???u??????M??+???c??\0FW|~?W?? ?\0?D??$$?x?e??:??\\l?x?e??:??_????GvE??C??\0T(=?o?B?\\????|h?w????}s??2?\0????\Z????\0%\\?\0????2????????:g?6Q??LC?Z+?=@??(\0??(???|u??Go??\'??????,?W???R????:igO??/????????;??+?j0?O??OC2M+S??\0z\\l?D????on?\r?t>?|?\"t{?z?O|5?????????X@??Js???O]???Z$H?\0?]??|?X?????]3OH??a?/??QO??>	???\\r?4p?????Yi???}Is}q\Z;?U?O?;%M???]K?lQ&????;!??#?????\Z???\"|??R|U?_??????m???????????u???\"/????I??=pg??6??\0=;??~M?W\n?r?i??T?<??????6???%?E\n}?\0??X??????????~?-??%???4z???*?_???$?q.?\\,??^KK?G???S?5??4?]-???x??}{-??(??r??GU~?-???????????P?????+?? ?/7?ep????????3^;??T;??vTB?X??????eh??T.??u?;???\0n?8?}is\ny?????\0????|5y?t?)?\0?z????\\/???Um?M?Om?{????5Kum???\0?j5$z%?P????e???\rJ??U{}?\0??Ew????4????\0??I?$??V????t?gG??%P?#??????y??Qis??~?g?IQ?f???\'??\0xy??Ij?K??0=.?CM+D??????7?S.?K:[?[???\"?:??u??G??57?;???\0?U??o??}?-c????? o?V?wKt??*{mU??+??%nI?~<??W??S?e?l??#?\\.?y???RY???u?o????%e??i.G??p?\'?+R?C?(????I?*&Qj8%[\'????i????I|7?+?\'??+o6?T????7\"???+???\0??Keo/{?>?O????ic??Y&?\0??Ww??vo????\0~??????r?^y???}?W)wq/??V??3Uo?]\r??o:\'???Tr?? }U]?Z?6?*???????3OGM?Q]??zl?????Sb??????j?!?*??4h?????????W4?\\ u??????x?m???J???v?O?=s?=???????%?V?K???[????/??i?h?????????fd_?????%????q/??\0r?aK?Ø??9????\'?j??]G?>n?>?P??$?t???t>??#????2?????I????\\?f?O?4?kkhc??N?9Sc?zm?cG?\'??]EF???K???/?7?Ma?????\\>???oS?}?????g??\n??X?!/?^Ec??~??m???G?\n?7?m???????\r???k?nQl7???b?txx???3?54?\0??[O?\\???:??5K\']?5???\0?W??U-?+????%z??\'?/??????qb)r???	|\'<?T?:oDz?}6??l????W??R???mu?(?#ó?\\=??????*?S?f????\\??-?????????^?P??m???ZS??l?v??>?_??J?e??U?*+}????R/??>t??[z??	???NP???E?????V?e8?w??_?TZm?;??>????????????P????-%???+\"{7????+????????~???i??\0??0???|$?w?$>$??}?\0????X??>?L?M????y??????H.?D?>?{1?????Q\\??C?#?5?=?6V4?!?;6T??????;??q?o????-N?z????g?Rji?6ozÊ??=?????m????Qr~}?}????9S{?_?;%S??c?#?????*V,????V??z??,L?>?b]?jV?>J?4?m\Z?H5/??+V?c\\????6p????_??o?3???5#?o?fM?=c??m???L???>?d??tT??2=A?O?\\?z????<w)#???s:`uZ~??~z??+??f??M??O??e\n???\Z?X???+y?o?Wc??+?9???o?%l[2J???7/?eu:L?\0\'??R????_???	Ez?rTo&?O?? ?h??l%U??T??NI[@???.z|?K?)?????8????6??$?w??????6?????p?r???\0~????mtF_z??3???%u?????\'?S8s?*~??W?l?S??????\0????F??\0??t????K?6?T<7??e??YB??j??9[u}?:T??/?W????q?m`j??+?eu{	???s?j?????*??^???\0<????????*????y??????o?\0~?\rW???$O[~???bgJ???TG??m??t??\0??_?]????|?SK???-Qv?^w?\0????u+?/}?TC?8??p?e??:??\\a?????J?\0?t??????????d??\r??P{P???x???g???????(????e?\0???5??G?J>??\0a?ea\rOe?t??l??????W?z?EPEP?~??|?_??H???R?????	??]A?DJ?o?Qn%??aQ?->????o?G???????{8?tp??y??i??|???ep~\'???\0l??O_???J??F?{?\\?V[?\Z??eb??????\Z?&s=Jp?\rx/?o_??????WUK?%?Y\Z??i?o,??\"|????6?\\D??wKw???tC?}??wy3?\n;??m4??D{????V???ogl?j????\'???<?e???n<?l,b?O??<??7?p??e??$????_??+??!??tJ9	?g?=?l????Uu?i??/??J????V??<]?mC?\"?u? ?(?????Zd?{?\0q+??????B?d?????2}N??o??;??m??|??#?J?r?????Z?B???6lG_?????m??????\0y*??????oq?X??#}??o?H??\0	??\Z;?p???6?^?6[WI?\0?X1?n??:lJ?J??7O?D?\0b?)?????f???#?????,m?Y?w??B?9>o?y???#??o+U????W?\n?P!????d??N???Qx??7w?m???_c?hW3???-??%W?tP.?o???t?c3??v????????l??D?Z????L???;?y?Y~???s???}???g????;?Y?wql?q5??;?	W??6V??5]OO????\0????_g????b?K?jV?-?M????k?~?I??????X>2????? ???O?$?\n???\\???-??N?\0??s???????e?=??S?:?Q?`?V?q???>?_?3?n?dIr??Z?s2??n??W?4??e8\Z?ig???[???ii??N???O???e???-<????^[???m??1?W??5???6U;??????6UM7?=??:o??.?~?_?S?h>iew?g?Vm?;?/n?V??n???W#??Y\nr????????;??mAc??:??O?7???S?Q??? Qz~????Q???Z?h??;????\0?`????\n?V6??7???\0?VUc!???N+?????[??6?$?)??z??k????i?\\y??n???)?p)GK?\"J????8~z???V????????Umr?l??%?????Xz??.?u????>?gj??^N?E?o???;6gDD??<?\0?6???ð????+\'F?6???Z?T????s??b?aM?R????x$??????????J?9}???x??_?????X??????gO?+???HS?V?U%???\0?g\0?9?gb?b%r~ m?O?|?]v??S???F???%???bfu???_??[>????C??v?^S??<?K??!G?????[o?W?\n????U??3??>??V?{???{?x???~?Wg-??)u????^T????>?]\Z??^???{MM_???????\0??????E?uk?6-?????z?;??[??{????3$??W??{?c??x??????\0q???)?<j??<*H.7?O?E?^%?H??^????<???<??%?????r}`???????????:?cf??????\r?	?M?E]4\n???k3)??8-\Z?G??+???\0??;Es??Wh?????<>v?\0??C??QM?E??Xi?J\'\0??zd?g???\0??\n?<3??}z??_*?g??=1>??{?t?*????->h?8?DO?????!??z\'Ý14]?L??\"\'???u?0?K????H5????}???\'M?-gF???Y?e??-????1y??%Y??{??-F?%??????O9?]??G?BH6????r{??????&??s?diu?\0?URwIf?sx????J???p??j????1???.??VF?\\??\0r???F???????K4h?V??>ra??&????7?J?|????E?~?\0?\\?H???U??f????x?O?Ug????p3?h?l%?f?:??7?`??\'?\\???%?}?[?T???+.;=???^??$???1??Z?????3?????7??\0lh??3??]\"g]it????e?X??rV\n?M?%oh[??u????Z??R?:?\0z?gg?w?$????Is?s???s??u??7*?K?:????XW????%f??\Z?????g?\\?8?G?Tp??Lyj??3/???^?M???tDx??G?^#??\"??(???u(???*+W?|A?e????D??????X?9?l?U???\'??hhh?????V4?r{#??|/?}?S?kr}?????4???<???????XxWn?g?^?>???4??%c? \\\"mx~????????\0??g?-m??}??^???u?G?5???W??K???q?Y??4??C?\0\\??o?f??+?A??\0?:?[<?;?/???7??A?C???? }??Gÿ???????\0FV?????(????e?\0???5?=????????\Zb?Pz?^??Q@Q@_~?ko?m????\'??????????^??r\\?l-??NO?\r??4?7]???W???)O??A?|?\0?%?/?&??N?%?????Q]?|???t?E.|J?|?>??1?:?????y??????u\"?E[?C????m+N???~??\0?\\>?t??k???_??z??\'??,m??}???~-???I?X?/??Iw}7??????eh7?l???\Z?O??BO??P?P?Y?y\'??t?j_h????;?\0I?Mo???]\\K?M????3??????????wJ???????<Qr?w?*?\0t\n<\'???Cn?owzs?!?(u ????]?[???????_*h????????????]+{{tt?7??KH???YQ>}?????<??=??qg?i???z\'?^q?\\??????c????3?<V????&]??Q????/?c????i?Un`?&?*??t?$?~?k?{?]o?????GV???ft?R????X2D?:|??\0~?-u}CO??o????}E?K?)a}?c?W??????%?/??X????.??x????F???:\'?c????K??t??%0?VS|?\\\"K???S??v??\0?V?U??G?????w\Z5?O?\\;?`??????\0???N???o???\0?Z8?W?{d????????k???u?b?D???+?????0?{{?6????\\????????*??n???????l?3???E[hQ??Y^??kX?m?b\'??\nk\Z?E,u???#????o??^?_??e???w?y??ey?[??G????\0??U?R(?????????k\Zg??\0q?_e^?????l????*#??w??D?????_?E??_??E???}c??e?{i?e????2o???l\"??F???M??2h??H??^??+???}+???[???6V?????BWK??J??t????\0?:??O?y??????Rg?V???\'/??-?????h?^Ky?W_&?V?????p?k\n?+}???Ms:???T/^???M???????>???<=,	???,4??+?d??d??Z]>(???`?\0??????^??mP>?|?Je?????[????7-6D?J?Z?????z???.+?<k?;?d??\n?B?H?-W????$?Y?~3??9v?????mC?s~$??#???V?\Z?\'???%???Dw?/??Ge???M?$??~??\\3??j?4/??u?SDO???W???3?)??Vl???k??hw???b}??????6?ZM???????e????4??L?5??w??z??d)??J??;8??6?JÞ/3???%O?<???????un?\0?^A??%???|????_]??UcG?&?W??8h?s?q??????d?}?O??[?:?{?(??M6\r0??\0??c?w?<??\"??????yU????Q?????B?p??g??????_?W?????UE-??L?V8?4?O????I????]U?????o???z?r?|??=,??x???kj?????G?M?{%w?^g???$pl?%t???\Z??lSe?????I??Y??>+Eq??l?K?$??????N???b????p?]???^ ?R%???W,T?G?>???T?.+???|???>???zl?????Q??????)??:?R|?RWyd?\\????u?c(?>w??y?r?6??\0?????U?xWd??o??vW?C???D6._?n~??=??r?2?Z????Xw????W9OM???KW$?y?yI???vJ?ir?G?+x???????KJT????v;??\"\Z?&??Y?4?}??:??&???\\??????\'5,w?l?????,???*????}W?	et??\0%]?T??z?????M???o_&?\0???I?>???H??\0[Z??w?(??$?*%s?j?m?>#?\"??H?Z??????O??$?6g???:??C\\??>z?ir???fl?~Jtn????h???\Z6?q??-Y??V`?ez?7??p4k/?\Zlw????b?Y8?X}??-???<??\0E?4??\Zmzu?k7???djZ\Z?$?N?1l??&????K>??>?t?a??\06[b??]*?>????#?#?%t???\n|v_<_%???\Z??|(??)?\0???I?+???????\0??_?qr}????\0??3??????J?\0?t????z?e??:??_?g??G~E??C??\0T(=?o?B?\\????|h?w????}s??2?\0????\Z????\0%\\?\0????2????????:g?6Q??LC?Z+?=@??(\0??(???6?.~.X;?\0?????7?+?I????3?_?]?\0?????J??-}Mx????9??SD???Z?	????[?O???s???L|C??\Z?u+??G????l??t\Z>?????+????????+???:???ey??5K??\0??em\"?dh??iyn?UU?u_??DJ?(??T?????mp?<???W???F$?5gm4????3ZO???????e??5ejxs??	o?D?r@??+??{????c??W?_??????]?n?????????b|?????|M???8???nS?R??k:?.???Z?yg?i?!?[+/???????ZV?.????+?\\?M6??????xi~???h??_z??;???+k?????:}????)s?6???\'??\0???v?++??\0?[0X???7??=2\nv???*[?1\Z?}??O??Al?ui@???262?X??I~J?c{-??{t?\'??,?C^>??r\r.U?eH\\|iS???S?l?Z\nJ????4??-t~??????H???CWA?x9\'???D??ohz??}??z?4m?l?\"l?Uc??????\'?U?A??~HS}v?????~?o??r?e?????z;?\0)?6???xú??\"?[????w?/???U????Cn?\0???\'?m,|?WSGDO?????%??M???>?;?r???tF??s?_?/Y\'?n?????W?-*??????]???$?qw\n7?7?ttv??>7???X?FGL0?<??^	?4[?*????\0?\\??W???????&?c?\0rT?5???k??}??e?)??\\E[:,Bz|??\'??v???U??O,???\"???P??????%???u?	???R]?b?_}s?l?o?{-???\\???z????di??{??????i[??5$}}j??sS??]P?<???1T??*i[???2p??(N?R?&?y????G?_\\?<??\\??01???dI\\??S?????????ws??X?3d?J??J??????n?i??MyaM????F????x??P??WD???W???3X????WIE{?\0???`??\0HGM?\0r???H??????:)?K????W??wK??????rbK{}??J??X??????x?O?????\0??Vz\\???Z~??:Om?|?\0???K?\\??G?????w?z??<9??g?g\r????orE??Y?D?????g?J?6???NX7%}??(Y=9\\?M??M\0}??x3Dp????1?????0o????t??K?v?1????\'?gr???{??\n?``?`?>e?^???t?^?y[>?{??[<??+??z??|I~??+??G??0?>B???j??l?#?u)o?\"???m??jy_5yD???2W?	??+?:Im?-?^???L?L?hu??^}??t????;?}?jV5j??0h?|??\"?\r3l?}???&????x4???w??	???}??$iX|???????}???_J?f????fn|<??????v??5q?K?Z?.?F}??i???;See?I???W/???US/???>s.Ex??PG?}Z?eF;?}? ?t?R>q?n?t????];#?>????=rNe???K??_?gvt?W5?????:?A?}?s?\Z?V?H??WX?\\???W}???????????U???????\0r??.%?????,ne?}?+???.?|????G??./-?{??.??^???jl??J??t?g\rK???u0\\m)[?2\'?es?????7?\"=v???????}d?&?G??KA&???T??ZK??+JH&Y?[??q:??h?MI?????s?\n?\n6?i?2???d?????d?2?x??I?`UFr]G?s????????K??,??PC&$???7(?F??E?\0????\0??\0?V??2n????\0C?\r??~?\'??3??I??????s?:O?]???\0 ????~5??\0??$J{P????\r??W???\0x??xo??Q?\0????F_?X_?[????????\0FV????Q??L?????i?z?A?EzG?QE\0QE\0}U?i*7?{]??O?\r??/?5??????O?V??E??\0?9??7??? J??;????????p??ko.??	V??%?ew??\rD??	{?sV?????r???%?e???i\\u?f?~???>z????&???+\"?KMj???>K????????\0?????W>o+??w?m?@??????&??V???$U29?ngX?O????Z?Z?4????????(?^???\'??+??x??_)???>??#L???O??~?Qc????D???<?>?g??x?z??? ???X???$??K?9??Q<7??V??_5?Q???G??[+???WQ`l??|??~D????_yNz;R\Z?	????ýcG:?;W[??}?S?J?d?_3?z?Q??????c?/????:??j|{?\0??R6luWX?\0{ZZl?s7????+?????;???\0?Y\"N????y6?n??D?.??W?O?m??uv>?F?????M???D?+???b??r?T?????????#S??I?jZ???,?G?:???mvD?*?\0??{???\0?oK?\ZB?\0?t????u????????O????M?\"O%??????m?w??3??9?w:????}?m?r???-V?Y???WDG?+?~*??\0????<??????u??*???a?B09m[Q?/???d??l5??d76?????!K=?+????e?w???+???G<??? }????\0?^??????oAw??i??v???I??xP?O]?fy?x??m???>?dG?\'?????y?|?W#_?z|??y??$>R|?Z?m??\"o?X?????_?fx_|U?;@?-?????cr??}cX????????	?r???N??o7?+????c?????	?!?h?Z???Xv?_????y???\n?rn%5?Z7??b???Kw?y??mE_?????\rzŒJ????????C?*?9?S?<?Y????f??7???????WJK????+??/?Z??Z];????^L?L?=?J??(?yR??K?3????sZ??4O??O?zo??#I?.w???\0??&??/k???YKh?\0<?exm??=????c???o?????????_i?s?\0~???y?gL\'?^??W?^????w???M?%p^????????]=eva?fX??6?&?q>???U??h????j^T?D???2??????5>jx?W?R??s3?Jt??g?8??=(?&?	?)??CS?d?M??v??C+?S|?>V??E??R???L???j?cd?????>U??su?{5??w?\0H?_8|@g[;?k?<c????+??z?_?q<Q\'?+????=Z4yO???q/???$????????$??O?{??M&6w???Vu_???tx?m<??{???mwr?\0:yIW?4??*4???????09?3????v\"??]???????|??{??M?&???\"?????3??WT??S$?S?V??w???3k?t?F??m???\\??9?H?6=k??*T??\Z2N??M??U?\'E?~?Gs=T	(N??	X??k??k???W.?\\?3?6??????o????w?$OQk:????c????k?3S??o<?z?Z??F????d??z?u?M???\\??iS??4?sF?&}?\\5???l?A?????-??>y?R|?[???????_\n???m???R?B??}???;????oS??=V?? ???X??\\????Y?/ZZRn}???c4ul?+F???(???????=YA???V?????5??E=k????	-??*?n7?X?k2|?b	???s?mmK?????V`?uK??Se?ni?&?UQ?Z???<?g?N?\"?*(??5-?5/?????n4?U6??AQ?~???%?????>?G?\0??_?pêW?|t?\0?2/????\0C?9R??\\\\Lq?B^??i_?????/Z??C?\0\\?????H???6H{P????\r??W???\0x??xo??Q?\0????F_?X_?[????????\0FV????Q??L?????i?z?A?EzG?QE\0QE\0}!?~O?|K?w???r?o_7??Uk?????z??\n5/?????????x?&O??~???c?\r????c????????%?????S/ne??D?\r?*??[k???%g???sV???q????j??o?????????6?????_R??+???+x?q?*?????$????\r?[/??_~?<U\"^#?]?T??U4????????p?=????Oy??}z?ËX???w???7????\0h	Q?J??2?w?o??z?L?g????~?e?t?>Gz?k?aM????|?D??>?vs?Z?W&U??5??lG???????z???\0?J???d??????o|?x?>???R?O??|??<Cqc???7?U??d????>?P?b:W=?h?i??????%???Sw}??YU{K??c?????1?\0H??A?Z,????E??O?Yl7{??\"k??*h??+???G,\n:/???????n???;F??I???F?o&?h????0:?N%?]?\0?%u?M?(???_??.??{M*?5?k???Z??~n??-??H?\ZS?Ox???xqR(???|9??wz??m??Z.??F?SbU?2_*j?sS}??{?)????K?\'?z???#????E?n?}?\0??/?6}?S???z?~?c????????_4x????I-????:???m?????????f?M????\Z???E?o<B?wp?	??{V?;mO??O???????]?]7?uI?[{wtDw?zFU\"t6?//??F?]~M??iZ???::|???=3??;+?/p?&s?.?Vl`??/???TZt?v?=>	v?K$[??????%??S?L??????5?/?Z?O?????4c?????9?o?Y??T?+??!?\Z??>?i?6??n\rjXu?1??n??]?????Ul??5?g?}u???h6Z??????I?g???\0j?7????j?S???cwo??x?Ú\'?tyl?m?????XV?x?N??/u??????O?????\r?6????\0\'V?????\0%v?\0~\0jpYKq?yS~??<-?k?p^E??=????­F?9?\Z????Z???y??!?<????h6*?D?l???0??m???kYS???^???[??g????????>????X?H??>?]5es?L?g???0???.I???-???~kO_F1oZ?j?(??=\"?7???d???; t??d?{?Tq?c?S??LE??l&\"?o?q?P??7?G?z???`?r????Y?j?)R??A?C?X>?????????G?n>w??\Z????W????p?r???q?NG?G?+?>??z?$[?w???WW??b9?g???nd?c?w?\rsW1??D?=zmo)?{?:z[M??J?R&s?VdI?lz??t?F?|_;?O?????Z?N??SPD?o?<??K??Q????S?)???+??\'??r????{?z????eR?? ????s&{?m?g??X?PV?qz?-?4kD?4[????u?9??????F??S~???(?????o?O?????W7r?#??j????WW?H?}?Q9???4????<?k???)???????k\Z?N>W??J???[??)???Yo.??\"?t??xz?R??wz?4??jxkG?u???v{=??VE???B\'?V???C????!??9?i},?}??|9????\\???k????~?V???X????E}??N?r?F??N,?-?M?]\r?????\\??H>w?\0[????\'?Xg?Z\"\rx!??\0=\\3F?lw??\'x?g??S?H7#?s?[I]S?3???g????$?J???7r??W?[??h?J????`D?M??,\r?f?$??4r`?t3?z6?#;???57???s??X\rL|???wJ????W????????????W?|om?\n?????\0????W?\"?\0????|1^??i_?????/Z??C?\0\\?????H???6H{P????\r??W???\0x??xo??Q?\0????F_?X_?[????????\0FV????Q??L?????i?z?A?EzG?QE\0QE\0{???????ao??JS?\0Cz????????2?????Q????Ovo??%??7?????up??e}=o???~????y,.?>?\0???\ZO`?%?????emBVG?????]$??u???~R?N?W???ZZU?6/??\0r?<?{?????ZZk???+?Y?(??8{?????J?Z?????\0g	?T??L?m??~O?sW??t???????7??\n??K>??v_??mz?1:&??+?</?L????&{?x\Z?[5Tt??N???-????2??\06?_)???[ek?/?8?\0??\0g?4w???+??\0[Z\\t?w?_@~???o???^\'x?|?*|??t???eu??#????W?C?::WE?=/?_)?j?\ZE?|I]???q*???2o?DW?\0b?;iM?;??c/????b\'?z?_Y^I?+???ns?[??ow???9?]WR?H???????????e?F??J$?.????????\0??]?m7E??K???]???}???u??e?E?t???c??V{???oJ???+?s???????Y_??z?l???Ú?,-~tl????J?4?2du~o?V?p?W[?\0?X?4^Ro??/*%i?8\Z????L?QF???dmC6?v\n????\0?W??r??????????\0??/??\0d???)?y^?;iL????|?O??+???i?>????61E\r??]?????????\0??;???:Uc??_;f???I?jzq{?)??d??^??xr?\'??w????Ei7????\0?\\??R?u?|m-?????HS?W_??[???^\'o+?w?k?>Z?4=i?m??\0#?M,E?\'H???y?\0%U??????Fv????\0.et?-F?%C????????tk?j?o?E?v??Oi??F?mS??^??r?????ej??)??#?!?t?2.?-\\?^>J?j|????]???j?sR[??=d??W???\0%\\??8\\??5??c\"6??6VLwy)?\0|???m?G??+??/?/????????>????O4N?\'?R\r*?a????Z\0?r?r?D?~x]??\"?a}?\0=7??io??????j?}T??:???:????^??\'??????Y?v?kl<??<???Q?i???5??r}?LQ?O\"?T?.a???n?}???EC?1<y??O\rF??<????k?~?????W?????z???m-?_?\'??^&2?1?????\"?d???]??????J?}s?Ol??|????_K3?W???_?:?????\"M??v?&??*+H????v?jR#[}??jf.??,i?}iO?^[?:Vf?r?Bl???^????^*?d?p??L??>J?%?}??|H?@?????m???\\?<?{???IT.?	<?Do??????8?6\"Vm??4????w???%?sS?7?????f??=????b??{?????$???&g%W???6?a?Z?????Wu??#????ir?k???e??b??6m???:???}k???i??X?z???f??????bz?????MwUyoy;j??!w?c?+Q??y??R?s?????U??)e?t?S???<?_?Y??&??Y?e>Bi?????7? yR???u???:\"?i??s;??Il6#?WMGe3E??t??J??t??zW?f???\n?t?W?7?\0e?[<?=h??^??a,???\"???????7???SM???%v????Zo?7????hblJ???n??_?????$t?[rr?iH?@??\0???????BK?i???W???@\ZZl	/???%?ì?R?D??????E???????t%K??z\0???v&??s_iu???U?K??}hA?G?hy?:VW????\02???O??lA7Sfl7?g?;?Vc?3??kp?9???6?\0???\0C??%w???B???1?u???J??O?????1^??i_?????/Z??C?\0\\?????H??6H{P????\r??W???\0x??xo??Q?\0????F_?X_?[????????\0FV????Q??L?????i?z?A?EzG?QE\0QE\0{G???|b?l/?Z?o^8?)??D??{??/3???\ZJ?\0?o^d?C?????lO? ????]?????6?7z}?J?g??//?????-?J???\0?s??b?\0??5?????%g?[?2???~???-,\Z???~Wz?%?k??_?????4??ú?}?\0?z??l2%r?\Z????\0?H?eC?&????p??*????\0?W??:??Weq??n??_}+??????U?????=?9?zn?+??T????????*???R??+?? a????????7??5??z\"&??=???\0???????y???#??????9?wzu???CO?c???+??????\\???b?\0?K????2N????\0????-???J???E???&????\0??r]???~???J>????%???????	????e?\0??Y?c?????}???M6???T?????g9???e\r????a??\"?M{h????d???>??M?&??\0??s??&[??B\'?]N?r??4??D?]N?b?\0??e?6/??{Hv?|??\'O?~???-?O??l#????vD???a\"???j	R{o???k?YF}??????A4_??X??4?r?????+	???z??????[	n?^W??^o??,?;??U??D}?Tk&???5??xj???9??i??\"o?7?T?vW?O??7?.??0??x?????m?x*???=????\0r??MA???*\'??\\????EwKDJ??	\Z?hX????R6?+????m???\0~?8?\Z??g???cPT???L??mS??N?<]kX?|??b?&k?A.??k	????!?k\Z?|??V??WD&\"???N??????>9?_?$??R?Vw?,w?i?B9??l??G???g??H?????n??7??2?G???\"?)J????\rQ?????P?m,??UsD??a?????7z?V??~?M*+h???7???\'???M???K?[?D???\0??U?zP?Uli?3[\Z???nZ?u/?A??v\'??k?.???????t???F???rj{?Ffj?+|??C???>???W???Z??_??e?]?????^?{???J?$\ZR:}???mD??R?W?Yn?z??>????/??\0??????????^??7?C}?\\=?|??\0~?????P??????Y^??Y??\"#???R_J?\0`}??U???gK???\0??\'x??????	o?7???,{7?j???????????????^??w?????4??c????G?v?*?b??W??Q\n????????)}??O?lz????ow??)??7???(s?Ug?a?\0~\'?=3?6-zd??6\'?7zlQD??o?nS??? ???W`?uO?Z??&???J????)?o??]?.S???z?1?w??G?????z??&?Z??r|A???tF?M???V??\0?L???+???)?i????kFEX??]??\0K?}?B??R????jo.\n?PgH????5??eA?v??H???????0?|?]o??X??J?@?f????$?]???R%ch?o$???@????:09?u?~??[yV????m??|??e?&)k??E?O?g?]N?2}?\0???t?hQ?z?$??}uvEx??z?\"??)?|?,L?????<?\0Pl?u??[?{??X?l????I\\?V????????U????\\??U?H?????jX??;?\0?T5&??(?o???c/?`????e???eAmJ????SM??\n?%L????^?}? ?\\????????j?jx?oL_`????D8??#??\\??]??vv?{n?\0???\0C?????B?\0{??fD??vZW????\0?u???-+?A??\0?:?o<?:?/???7??A?C???? }??Gÿ???????\0FV?????(????e?\0???5?=????????\Zb?Pz?^??Q@Q@??\08???????\0?J?o_<?7?.??????/?*L?/?\ZZ????\0Cz??????K?/????~3?\r?m?ib?\0???.Z+?)???|GQ?3\'G???,?0?qs???{?{I???[??.m??/??????K\n?????v?9???L?s*;=\Z?\"wY??2??%p>\r??X^?C???????%rMs???(X???D????3?V??s?????\0?[?33&????U?9L?)U????????]7=S??./???KYV?????n[??cW???:g????q?=?x??-????$??5X?s?\0r?.?L}{R?????J????->o??????{?h?|g?9?9/??_/bE????k??n?\Z???W??4???-?[???????????JS?J&\n????x?\0?1KgW?c????w??>??U????????_?z???R;?\0???m????\0G??Z??NJ?</???h?\r??H???W}}?<xP???4?F?D?B??\"M??\"U?Mr?_?E?]4i@???>`???&??oq??A?????????z??/??\Zc??\0e~?????\0???xw?o?uT????U?	\ZB??????$.??h?~??-v~8?7?x^???OO?YC?*??m?#?S?\0\ZW???\\?????-?\0??$?E???-??)L???_A?\n??]:\'??Y}m????#?RZ?????Hc?X????[???????}?n??L?o??~??<??]?3????U?n??????:?y?U>??R????F?x?-w??-????|?\0%w?7???o???D1\\??\\??;O??TMM??<???}L?-e??w???<q{??iq???u?x??????J??6???>?	?(??N?l?]?\'?\\W???B??X???Rn?V#]??Z5]???s???q|?A????:l??	???????|??@!m?54w??e?;?>??P????%??c???%??6>?}?\0*>?}?\0*??g=(??	?Q?_!??4??=?zW;???y??????@??\\L?w??>?????????xb??o+??J??g???&??x???J??\Z?x???m??????-\\Y???V?\\??t?<q?\\L?Z|???????O+?\0?^.?&??{xHa???w??k\Z???{??????)?_x?}??\0+??G?~??9??K[W??\0%{??4?3C?????ev?x,\\??3??1x~NX?m????M*jK???R!???R\\?H?Y?ccWW?\0v?(?\0??[k?~9?Kx?X????\0???3??????~#x\Z?O???N??{??S???f~]?k2?i?g???{?ez???k??????j??%|;?<+??t-v??g??????|?&??[?????+???u????zd???r?\"W\Z?????\0??I}5??y)????\0r?|Qs??k\r?????yS?+?se?????L?\"I~????jv???R?w???W;????W??O+f??E??u3$?;??\0g38L??9|??P???????MN>Dz?O^K?????%k_\\?S$?n?r??}kc?{?_????K?q\Z??~???x????{???\0~??\"j???[?;????-???$??:???Ms?y???<\\???o.???????????=?oK?D?_R???\0??b=z[{=??}a?x?6:o??s?)?\\+???4?X~z???ix?k?|?\0r?5O?l?7?/?k???i??????+d]E$%U?Hz?qT?-c??R:??Yv4?3??M?YLfe?O#mj??SKi?\'??k\\[;M??[?:??=dt??(xsJ?[??Z?4?4H?}??????{????>J??cRe?6?yO]%??K\n%T??EO7?????+?K?]$\"V?`?M??k#F?y??w????+???)???}?j|?\0r?Io?:?=??\"WH?C?>O?W??S?$?~gj????T ZE???r????d??Sn5????~??\Z}??7\\?Z˜	???????c????+???P????S?]?%E??*Y>??\nM?7?M???F?R??gi7/?V???7????????=???^???_?R???X?????\0?F/????\0V??|A?\0?]o?\0a8??:???J??_???Va?b}?]???\0 ???q????J?\0?t??????????d??\r??P{P???x???g???????(????e?\0???5??G?J>??\0a?ea\rOe?t??l??????W?z?EPEP??R?????\0??7??g?(.S??\0??????)?a\'??z??R?????????|??N??m?)??????x?>Z??%v?\0gM???K??YÔ???p???%?t????gy????}?K?:^#:W??P???3??*_?m?+?<+g?my??>I????????oO??????6?\'????\0??z????!?W?u????>??I????\0???jV?KV??\0??7?#??]????e?S<???*?U????]?>\"????\\?\0???\0??_???Z???|?O??\0\r5??Q?[??+??t?\0????õ??\0?*??9)?pW??7ß???<;?\0?F?G}>???O????\0???7?????\0?W?M?????.-?_?????+??q<??K#j??l?????*Y???!?q?Z\'?h?????[k?]??\0??N5MVS?}?d????a???9??OD?????h?\Z??/??J??g????{?????????{?t???m??h?????\0l???????1?a3???Q[Z???w???f??[K?????\0??Y\Z>??4[~?wq??u?YF???6???z?dXd???:??Z?\'?u?\0m????{?e???6????X\\????\0?S?-CMg?TM??????Ur\\??????1??????oG??\0%bx???>??k?l???^o??z??o?q*?????l???y???=\Z9? ?KE??????\0??9?????????}??>??z?\0????????3{???x???E/?z?|?S???-?\0:l?=WcC?%t:????\0?J????6%qN?h|Q:?????_?j??Z???6m?????#?????H?]v????????\Z??&?\'???????Z?Y>?}???\0??p?X?????_??Z\Z}?W?kF?M???\\?????>R}??xrW[TJ???w\"W?6??F??J????Z?V???Iw\Z?}X\Z??N?Z?Z?)j??????>???<?|??QO>???y??Q?+???)?kFB*??m>q?????Sn.~_?Y?j???S??\ru??6?wi??e?=>;????9?;!????d?????kK?v?R\'?+Ó??<??\0#?y?^Y[\\???y?????\\???t??>?>???Ii??n?X>?}?I??Q?#???Mr???\0=oc9????p???????S#?t?N????b??L??5}V?9=??????0~}?]???.?zS?????,???m+????Y?????O?0?0~!x?^1t?X???D?r]?????+?j????[??\0????_??z???:M??????-?o??qX{???X????-2?&???6??\'?+\'?????K???>??S?\\???P???gDJ??-].????G??~??FP????ck?&M?%p??????i]????]u4???L?Xz??Wz??\'?????&:?3S???????U??Fin???-??X???*W9}???nw????f_?7?Iv?^%???z??c??????\0?}??x??r?2o??>?V???v\\|??\0??????\ngQ?Z?$??]f??<p}?????iZ???p?jW?xs?z?R}??\\??q-X?????????\"???+rmGAfq??\Z?iq??*jL???y%????U??x???k3Gg??Z?$?????*??\r?{W???6\'????k5K???m,?\0}?m?cJs???`??r?H?????w???=\"?lOo?????|;?Bj??|??+{???^???\"?\Z???\'*<?~??_?d-?}C????_\Zxf]???\0}+je6W?^?3??????+F?Qd??o????????z??????O????h?-Oc?iX?g???????h?\"D??x~\'D?ez?H????m5??}??]p???\Z=??sbV??Q[??J?T?>jl????]>?r?Vi?J???7?M???l?6????F??O?V _???XA????c?vM?<?\"???e2?_}X?\n?;o?Zc%????N?{??#g??7??~S??=I????<[d?\0j????~?4?)7??_?u?^;&??}?n?????*)?|????}f??[w?W?\0??_?r???t?/??\0\n?????u????O??Q<??x??k????s?6^??i_??????y????|l?????\nj?P??????\Z>???\0%\\?\0????2????~(?\0?G???#/???/????????\r?????????P(??\0(??\0???*n??^?c?m??s???#?,???}??\0IO;??@W?\0Cz?_??????+??|g?.?%m??A]??,???\'?:??????\'?\\?,?????w?\\???@?????w?m~?????+??b???}?G?|?|??t?+??)????>?????j???>C??b????7?]???i?R????}???[???K???w?J???~?41jo????????y5j??<??1?`\\??z?K??[?}i}?,?Ya?????]?og??-?>G?\n?1Am??U<???\0%~???F:??????<?i???b}??????Rh????-??\0?\'?T?v7s????[??Uk????x????????z???j??U???W?????Sy?L?\0=?&??+??????U7?\0~???^V?O??`?iU?\0??Z???>?z$????}??z?p??|Owup????\r?e?W\Z>??uz??\0?u-s??c?????\0b??WV}m?\0?7?\0??\0%ji?\r?P#????R?????jWR}?G?x?????}?[??e,??z?tD?Tu???o??J?K?????w??RVj~??#??/?????????qn??????Y\"V???7?_?????\0?[s?b??k??H???????c???\nR9?O???M6?w????Vo??}=?o?-??U???}??w?}|??????;\"Yb??W$1N??)???\0	Sj??-?\0???+???u?|?t?S???t?t?u{}C???J??4?7?n\"x?????T?S??&??N\'???u(??l?\"?J???s~?[??W?P?|?j????i^E?k?R??P???*???????GT1s?3??????:???w?????~??o6?/???^S???k6?\r?=???????s???Kcs????`?z?$?l?b2?v??$[j?????K??m?%oi?;v|??]??????\nf?;[;?????X??~9??sH\Z?????b??O7M??sh1???? ???u???e?\'???#?uK????e???q\'??3?z?y?T?A??J??B??J??Q9???i???;??E7????j	c????6}???\0x????-???3?Ns?OS>#???n??i??cO?^;??B]V??w??????????????&{0?8?H??w7???\"?\0~???????,N?\0??C?D??\"?mf????_>????????=lM^vyy?*?r?<7????~???eHw?????(5?D?Z???????:T?~u????rwv7m?$G?????#???th?\0?AX?????.?<?!????_????`??W5??}?????<O<??S6yj???l?=O+$?r???????\0??}?:\\l??)??0??x???~?+??mW?l?B#??_-?}?\"I????????????m????y??????_??y?aS.?tN??!??y?????W1?x???$???\0?Z[^]\ZY_f??~?-WM???[????+Z\\?<???:[??w?$?g?\\????_??\0???1??????l??5?NxD?*?f???[?A%???_C?)w??t1i???~??c*?V??O?/??i?[?y?_c??o??6?o??????n?)p??k?\0qO??6S?E?q??t?M\"?.?x?????:??<?9?\0?c?G?a??^???O?o???*!?C?4o\n??_?????\\?%?cS?5??j?)???+F?w??Xb?&??j???(vE\"????L??L?8;?\0??;\"\"lGO?U?+?~????l???????X??<??C??GF???OM>(?!O?)??h]???]a????A>J???????=??^]??Wzw?6??S?\n??{???:*Es??g7??jzxj?ij???????O+??V_?,o?V?????????$???1D???}5v??}??il?7????????g?N??g<??{Hv???????__<P?K?k?1?kU???*-5??o?5%???[?V??E?TJ?r?]?m?:?$c??R?}?V%?u??S1????[04^N?I?]7?????j???}?????V??f???4?????Q?o?????????-\\?]?>?(ZM?c??*??%J?o;+Z?	???6???5$?#M??`E??.??%8??:\"?????s??\0???\r?#?O??E?\0??6??]7?????R/?????:?\'?????fa?Iz?e??:??\\l?k????s?????#?#??!?C??7??^.?????4|;?G?J>??\0a?ea\rn?Q?\0????F_?X_?_??G??3?(?\0q?!?E???QE\0QE?_?T ??A?R??????\0??_)x?{@??+??*?W??.???????????}n?????????<?????????&??Z?_?=q?h?<C?l??Kk??_?o??????????????e?h??l?????\0b?<k?????n???w?\n??y?_$V???q?\0?+? ?M>??\0??S#??Ws?0?B??y?????\0???????r?:?1??{}????P?.???e?+R6???????]2>;??R?+\'??nJ]E?-????->??|?\0u??qD??o6?8?-gP??g??????\"=*X?k??w??5??*c??l?w~l??^W???;`?+E\'?????t?Ie??T??F???O??\'dK?????]???F??????H??L&\Z??g{-??O?z???B\r????????z??.%D???/?V??U?m????????i??Ns/N?KKg?*#?}??6?{???4Sy?[66?.?s??}N??}?\r??:??jZ??f?\0s??7?Be$?bA??@??Z?6	????b=z-?W?4+?Q?\0????<3?wG???^?<???\0?W??\0I??>KK8c????????z4????X?x?^?????????????U??~???w??\0g?ZEPxQO??*c???by????E???n%O?=^???Q6&?S?3???5{???\0?*&???=$??????\0?7??<u???b?/??8?K?WH???n???<????Y??qd??????????F2????ZD?|????\"?[{??m?|?^y?Y???????_b?zW???+?|c?????]?#????????#L;?3????U\'??z??k???sU{K??\"???ss??>J????G?	??gZ?M?R?%P????3R?????U?>??t????b?%??5T??f??-?%r7?m???jAr???q\Zm??? ?m?\0~??kc??z?)k?????_???\Z????????pL7????*??9?I7T?????-g???????,??????U???Z\0?6?R??C?@e?E:5?R?GD/?u??/?????3???????????i?y????>z???h?.??d??o???\Z\'????q???<+??<?????;???k?+P??t?o??]?????{????\0??????e?\"[?\0GY?+?Y?b?\Z??\Z~?7??&?I??<9}p?E??>???F?[?<????Q~?+?8QZ??:??5?<n??<U	V???O2p$ý6b?u??V]???m?iBFe?e??/?????????2??????V??]?,???????]\r\Zs?bq??h??n{????1????z??-??^??bx?\0?{???e+????_=j?h?7?W??X??~??#%?aK	?&U??y?tG?+?B?{???????t???eM??\0?|5?iq????????l5????p?????\0?<Uk???????~??|??????D??G?u?v????M>?%O?*??U?????>C???|C?[?;???wM??w?=N?}??M_w?Y6<(?\0?\n???WL????x?????g?K??????\Z?IS??g??????<Q:=}?/?-*??n?z???????????P??u??m?\'C?e?E???j?k?O]?/n????????ÿx{?U?\\J??V??s+B?ZYyV??&?9d??|???9|2???????x?~?u=N%???-?(???????}U??z??]J??V??e??)?D?????X?>?<?\'?K?9Jnv?:?=M?yN?\0~?-?????g???O?\n\Z???%?X?K???Wo????,???P??|????9???WR }?r???w??W6&??6?>S?]=?}??U{?)?l???zC??\\\\?y_~?V??g?F|?G??;C??c???????M???R??D????M\Z??\"?eAv?q*???H?W-Y??K??(?\Z4?em??????d??.????*[I]_g???h?O??kR;??=bX???\'?[?????G:&????6o????>??<????/?t???????T-\"?R?F?~?hn?7|?U{I???OW??XF?????\'M?>z?\"?wS??J??i????\"??\"?/7???D*??????y???X????#-Er??V|?z??b?P?N????E??)r/????Z?R/????\0V????]~?????\0C?i??k_?x?????6?K?-+?A??\0?:?e?]???\0 ???~7?	y??j?P?????\n?p??>?\r??????Q?????\0?+?kw????}s??2?\0????\Z?????????G??1Z(=h?H??(??(?_?\0?????\0??6??SIGO????_?J?Oh???tv???F??|y????]?LJ?\0????+?>]???^???B?\0:~????S?\'???B???+??o?:????I??????]?*?l?e?D??_?o?u??????(?E?ao??\'?W?U?c???????g?[3r???t\'?Vg??a?/???Gq????w?Ok3????P?? }?n??<6\Z????Zs??R??Y#Gw??\0??E?4????R\\????S$h?M????,??~?M??????\0??u[??b7?????K?=???????2M???^????Z??j?%?????:v?????o+?\0?	]dpi?f??}v?o?%q?J?\nS?????y?o???Z?l<?{:~????>??W?i????S??\0?^+????/?O??j??????^u??:??WM[x??&?6?t?????uV??[?	?u?M,??z~???+H?E??F???Z3?~???u*?z4????x[??>?j?mj???????F?Sj?x??/?y??????/JM??zQP?AERQE\0QE?HM?#??3F}????=MZm??N?????????Ko)?O?r?R????xsU?????}??6aY?p?\\\'???^/???????Xs???nC?|??+.y?????<!{?j????_K?+??Ð??O?d????V?????qt?By?\0w????;a?????7\r?U????=s?? k??:V????+?Z?n?=a???gGgy??mGx?+??g?hF??!\\?C???R?p??h%j??[Bds?v?=I,?J)h??%o?k\r??Ty?O}On??d??=&-?J?-??+r?-?v??	s/??1?+??ç?ii?B??O?J?o%?V???%??6Wn?7?O?8???\0. ?\0B?w?>D}??6~+Ivy/????{?Mw??\ZK\n|?=zG??????LGwwt?Y?kO??+*\\??b?H??_????>J??~?g\r???N?^?????by?A?R?QY?v*x??kYCC???<??u(??m???I<????+}]:Q?tR??}|?v?\n??,^Z??4????f?z?wt?N???x??-_?W\Z<?>?K?w???????\0h_k7#????????n??k??Oy?\0????z7?[?\03??%?????\0	<)?x^????????g:??>??B???????\0???[?[????\0$O^??ol????m?????? &?????{+? ?????z?,6\Z? ~w??V??/+s??D?&?????O?8???pN?b8?}Wv?????>?K?~?O?5?/?l????U?\'????w?????l?N?Z?a?J?K??.???o???{M??????c?\0pw\Z??????b?RT?Y????:9??\0?<??TRY?\Z??W???)b?_?V?f???_?SR?J??\\??????!????oms?????Z???????k??\0???+???????$_??<M?????????X?w??S?s????J\"??h}?}?0??M??????k??n[ez$?!?????W?C??W?\Z??@??5??;?}]7??>??????t?5/}y????o<????Wc??>UE?f?Z6??w?{P?Ni??[J??G??l?I?}kG_}*A?_??A???z?i}??$???<14{?(?Q?+??v?\r??}>_??r?H??BIm?eZ????5?L?vX?_?????I[?zl?ySlJ?Y>O?W?dM???nALo?????????J?U?V??Q?G9Vv?G??PH????F8???????t?e????%??\0m?R?????r?O(??X??vo?@?o??t?\0???u????\0v?\\??????O????\0V?????\0?????????vZW????\0?u???-+?A??\0?:?w<?:?/???7??A?C???? }??Gÿ???????\0FV?????(????e?\0???5?=????????\Zb?Pz?^??Q@Q@s|o??o\Z[]?H?	n???\0?B?????]???`??QK/???;?u????????rjM??$??\\?\0y!?:Y??q?????>?o??nw?U??I?t??\0[U???@????_GN???Kw???????M??|??+7?oy!K??\'?V??\\Y???j;???i?p!?<Kr??N????u?XM>[???\ZV???j·\Z??XE?mU??????>????q???+??f0?k\n3?[Y?5=Bd??????????h?\'?t?*??/????*?\Z??<Qt?Z%?????_?^??????k??$??\0?z?1y?c?#???\0?&?!????af?\0s?????\Z???{;?\0?\'???6??Dh?\"F??Q??f????T???4a???i?TU??P\'???|? ?[?p9\\?E\n??????~?6?L?y?K?J?qJ1?A????_Zk????E??<\niq?????j?zz????4???|?4??\'??eR(GF???U+?^???g????:?????\0}kF?H??=?W?S?b?_Z?Q??j???2=KWa?\0i[)??Q???U??d?u?~?B??_g?\Z?^?sL??\0?N??????V??r?\0[?io=j7?&?\0?IE?Auo;?????YS????o.??????e????>4?\"??>?/??\\???????\Z??????/o4R\r???~??\0SV?.5?(??7W6&?g?\r[?g????+6??WS??)+?????\'????r??*3??oaR?G???3?bX??????B?jk}????g?_,\r[7??o??_???l?\Z??7?\Z}?\'??sU?E??&??^k&K{?\'???>??N|??nlA.??:Vu??V??#V???OTG???????YkM????U8?d5^y]f???@?}s?O??\"?o)?+\"?O?W9?^5???z??:??|???t??\"?????z???\'¯s?]z?7??????y???4?????}?????{X??y?u^?u?q??=?Iv?j??e??%?)????>x????Ip??~?????]%^J?1??Q????zQ?T?Nx??3?m?mJ??A?~Gz???????x?i?vBe?s?E{,Ww?y??\\???eGDO?????.,??\0t?+?~k?.?SJ???Xr?~:??t>\"????n-n???_*x?{?2??]=???]\Z????????^???6?0??[???Kd?+?n??????\0???z?:=zVO?T?Gb?V??QK??Vk??eeA?U??^??\0??L?\0????{=eG??Oo???~???\0	???5(?$???z??W??M?M???g??F??/??lu?????k5?*9 3????i?%?+=?k???k??\0???/?)?/?+hbG?k?k??\0???!?\\o?\0Z??:zT)??g???????T?????/????z????j??V?????????U?V??\0?W?5?U????Y?????q?\0=^??P??\0??T#?v??-¤IZB???????/?l??GY>J??;?=g9???????????=^??|?\Z?n{??K????d???+.?c}??i?^?L???eZ3???*???M?S??%}?\0~????Sf?;!z#??g?;??V?x?g??G?????v|?[:l??]0????(???M????2???>?k\0B?]?N?o??Wj&?H??V???T???????I??#n}?\0r??6?J?g?T???fI?|f??n???_?-?4??]??+05?/?\0\n.?;??\0??/??Yo??:????	??E??\0C?f?\0V>??????a?D??\Z??C?\0\\??\Z??C?\0\\?????H??6H{P????\r??W???\0x??xo??Q?\0????F_?X_?[????????\0FV????Q??L?????i?z?A?EzG?QE\0QE\0}??Qj?c?KtO??D?\0??Q?#?t?o????????%????????b?????^?e??y?%I??_??p0g?67??H?????{*%_?$h??????=i???~TV??\0??f????|9\n???W?P?????1?R3?	??~?Y??u[???D?\0[/????J?t?b????????????T???=???~???\r?????c?%?4????>D??z?l?7=>???F?P??\'?W????t?\0~?????q?????\0????-B[???D?????????gQ\"&?u+?j?kU=\ZT???q??\0C??n???????-?)?l??jv?c?#^a?R?E ?\Zq?d?S;?\\|????S?SE?f???g??????\\???*9%L|??????}??W=?j??S?VV??X{iK?,??u{+4????\0????5w??????\0?S?k@h?{v?q??o,???%?r???z(>{?~???Q??b?DL3R\"?>?o\nQB?`c??Bi?x???kEn?	E\'?G?L??3\"?44%??H?=>?#aj?j??T?i??=???\0??<???g;?lIR???P_????e????k?\Z???O?tz??F?q|??*?C>X??>?i?l?????????=?_?:=~?|Q???yd??o???\0i???????ro?^g?2????W?*[8???d}?kL???????\"W??C?6??x;??Wd??t??Z4?9??&?!x??\'A??t????=???}E????J?7???88?????dq[???????5?*???+?jG???? ???L??x&???/*_??dx?Ov5+????}??E?f???r?]??as??d]??=Kh?:%x?g???.O?uJ?ujZO\\????{w=z??/q?U	%??<???=t{BR!?m?q6??$??vwm??O???*o?^~&g????0? ???d)_O??:f????v???????w?/u[??D?7??_U?c?O?hqD??>?%z?=?r8?\\>?>h??d?o,Sl??#?c??? x?????]x??????0?\"???S?:c??v?x?+9?D\n?m?}+S?6U????Vd?<???p?7??w\\?X????$????f?*?????WEHs?{??OW??<?4K??V?????wH?\0???x>?X???q>?h|8?k?????:W?b?J?<?^??wgw???????l3V:7????j{??\0??w?.??^m???g???b??V???????dj?:oJ9?=??v???U????7|???D?V?????-??I???@t?????m??*????\\?=<NH?z??o??l?>????-??y??S?b??/?ZB??:??<L??>\r?RO(??T?s???bIKw???s??+????????yU^Kgd?*]???)B?V?;96y)U?o??}??#??UddI?V?>?j9v?Kar??T?e;?F?%tQ??o?.??????\0r?4???M??????\"<N????\0??~?H?|?V _??NC2?	?>?l?S?O?X?D????H?????#n???z?#[?a??o?N????Z?\Z?7?)????? m????Iv????@]3?~?n?????????=E\"!?(? ?*+?U????Wn????fg3????QA}/?Z???>t?X???\Z???$??j??\0?,??a?+^??H??????\0C??????????1O?k????s?6O?k????s?????#?\"??!?C??7??^.?????4|;?G?J>??\0a?ea\rn?Q?\0????F_?X_?_??G??3?(?\0q?!?E???QE\0QE????>??X?_SKX??c?^k>??h\'??????*?\0???[O\r?????D??GKu????+???H?G????H?V?\0s???_???o??T?^z??|Q????w??????=ym??x??h??o??s??~?z????y]??=}e???z??;+?x~O??+??fu???:c????|?/??X?u??????W??~????Ym??+?|%??M??M??J?#DS???/??.%m+O?????x??NA?L?X???F??qJ?]j0?}?????u???#u?UN??\"J?/|Bw????/?????qK?ft?z??JMM?}??B??Y????4????+??Y?i?A??;&?[?J????D?=T??????#?~?t???]????\0n??	???M\"?W??\Z???r?Kk{h|??gzt?T??U??#_??z??jI????2o??=????n????Q????????D??4?? fD?~)%ni?@?l??W?WW?I?\\??[?S,?uJWk?????Q?y??P?\0=g}????X?e???z??l?G???*O???5<???.??y?|?]o??t??{y?w?Y???g??O??#????|??w???????????]??.??????|\\?}???/??F5?|a.??%?O???*????;0???\'??+J??P??Kq3???\0?]O?A$V???-???]??/??D???\0????????[?J????F?$?qx??\'??K?IO?RQR???,eEw??????|<??6??,???^?? ???\0=:????_M?1???+O??z????\ZV??R??`??.x?c?l?S?zR/?W???|?????~cxr??WW?ZV??g[?:S??Z3?>3??3?K???^k?MP&?|?ó???t{r?H???@?[F?5]e?7?z?u{??.????????Z??{w????*?~???C?\0?r-*??&O???o?Q??-\"?d???^-{k????/?V~????v?_o?????*4???????s=??????J?$V??W?xW????W???Mc??????a3?tIKFjK?2??U?Zx???hA??H?~?u????3.?:¦??????:\\%jO?o????D?\0~?O?[?C?????+b?t?S???j??\'???T?\0?????v??_D???????S,|og7??/???b??v©??i?n?*?~?+???gm??V?go???Z>??V???:?<????_???????	???\0;eY????7.???r????u????G?_??\'\Z???8B?2?\0j???J?????x???]{O?(?P?6???????F?w#??uT+Nt??????K?-????W\'???y]n??,?=t???\"??????????p??B?\r??V???f|k???s??<??E??????7??7?i!z?H?Y6|??9?kw?M?j??b??r}=?+-E??i?S??*;?x???\'}?\0}????,|??X????j6?*?2???R???6?<smz???(?H?%E???\0o??%f?_??k???>&??\'??/%+\Z?]~z????????J?\'p??N?1L?3?4_;|?O?-???{HJ??\Z???N??\r???3}?#?V$?|?*?3???w?D???GD???6l??G???????.?<?]?9?nA??J??E?????\Z??*O?M?WOr??V????Q]?O?R???\0~??Wh~?jG?)??C??????~G?m6l??QOf?e\r?????D?|?N????F??s??Z?E? ??u?G-??S?????\'??S??Y?,ijW>l{?lM?V;?w??\07??wn??6R??K???\0???u?~??Z??\0?R???\0?,??d????W?>\"????#%?]???\0 ???q????J?\0?t?????????d??\r??P{P???x???g???????(????e?\0???5??G?J>??\0a?ea\rOe?t??l??????W?z?EPEP??\0?I4?S????4R?	???z???!????{G????O?>?|E??}wS?????_C??\r*6KKHS?_q)A?#????\'???~?g?h??+?,??????Aw?[????5?T?=e?a^I??:F?s?U.?x????-G^????5Ye??W%\\r[?;+?r-????/?????;??????<\\?m????,????,?4?=iZiR????h(???D!Vb?9?K\'???J?\'O??lt?m?_??]%?N???a?r+?????*?]??\'?D?>??K$?j?}?\0?V??Q???mv?O8?x\"???&??MB(??;E`??:s?????,jz?3?u????\0~?\\w??6??r??e???????mU??:??jWU*W?????I\'ZQ????L??M1???r???.?k9??<???\'??QO.?Pe??\\?????%*K??N??l???v??$Z????Q\\?h?????~?QT????w?BVlRU???h?F\'?>km????+??^?????1p?*_???G???GJ???K}?:?????????1+?\0iE??\0C8?7?/?>?????O???x~??v????B?U~7??\0?ov&?H]??,?m??g?c?_????\0??(?????oz?:???\'???O?+???g?}?[?O???????N1?O?:8.Q???X?5??????\Z(??C#????F?REO????o^?G???*???%T=\nmA&??U???\'?\\??/?i?=wPi?m???BN?W?9?????jQw????ei?Y?}G???6W6#		??Z?ó?????U?????dJ??????????<?U3c?(fM?|??^\0?F?????j??g??Wk???k?_?*??,?Z?i?{s???&??\0n???oT}??~????n?q?)?Z&??u??1?=???\r?\0????\'???_??}???zE?o?5?io@????&^???<+???\"?\0?????\n}??x??????[\"????/??}`?\"??x????15???O?????d?????z???\\??\0I?\0|W???O?~??/?J5;Wt?\0~??|qv??I???h?????5_C??{????????Ni<S,????????\0z???/o????????>o?uz??????P?&{M?????-??%??I??_W??%????W?6??¾?ez??????????b??????]bz?O\r<_\r???|;+??-?f????}?o?,??Ko7????Oh??\\]?lGtG?+???X{????I???m??+sB}?%K???lO???i?{Te#??d???>z??k??*????9??2??w&???%gn????Q4?Tz?8g?Y?3??-%?Xa??+???V(?J?|???s???O??w????U??W?????wU??\0??&\\ b??vo???????G?D+r8{^\'??|????\0I<??U??\Z??`dr\Z????J????Z?m??+CÖ;?+?S???fl????F?\'?M?????????a??jzxI??????i???????3?,?~??W4?#?D??zlx?z??v?6VE??O???}?O???0??G+?|?S#?~J??y~O??e?4??J?GG?\\?(Uz??\"????l?\n?Z?c|?\0?]1 ?%v}?W??M???7?5b)?M????#%???>?>I?_???o?L?W??*?\"???*?r??lz?|??J?|?,r???T ?X?}?????RE???T??i\\??-U?n??b>??n?~tz??u_???+;?9?;;|???\0Ad?\0??)???[?I>??]??:?o????E?\0{???\"2O?k????s?6O?k????s?????#?\"??!?C??7??^.?????4|;?G?J>??\0a?ea\rn?Q?\0????F_?X_?_??G??3?(?\0q?!?E???QE\0QE?E??M?/???\'???/????\n>,3\rr,6?s\\?Wg????%??cJ}I?_??n^_?O??_?z????S?>y???\'??>?Ok??/?WS??{p??r?J??-?[??Jz?=???Z&???\r(?????%+??wU?????L??X??D???V(wSo/m?]?*-d????G?*?P??z{??d_~?k?????y?V?{_?z??i??J F?6?$?%I0 U[??T????`*_?±nw??/.?ly>J?g3X?y?????j??o???]????(??I??N?,u=H?S?k???o9?$g?Z?CQ8????????}??dZ?s4*??????O2?qT??lT?@d??,&???]d?m&]??=8L???W??W???????dni??v?|w????v?R???7????-x?]??>?Y????[???p?#??1?	P\"????????G????e*}?????|?+????qm?Y????\0r??O??D?\0b?(?|=:7?x????7?????*??}??.?TM???;??H?p??~\'*/???\0???\r??H~J?u?}KY??g??z????\0?=z???O\n??qzl??V??????&??????&?c?Bd????+6?7?+??2}???????e,I?{??~?l??\0??;Cm?u??e?C???\n?????3;}??E??????=w??I?g?\"?-?/]??9C??k?w?[?gW??\Z$kT??+2??JT?HF???\0mw\"F?+??,?dwZ??	D??}??+???????{?ØQ?n?????)?\r[o?W????n??+??)??-Z??[V??????w??3?	????L?d???????g.?5?=???>?M_?5?3??3?????n;?????*??????\Z$m?lt??#R]?:V??M???u?9?V3?? 2?E.??z?<eK??_#?\\?\Z?_?N??n???>??R??#??9???t[?bl?[?n,?~??+????{?????+????ORW??r?7?£;~?:p<?I???_??????g6?l?\\\\y?Z_|=?hz?f????}???\0???0?I?O0?=??xnt?lz?h?|???S?N??[1?????)c-??s??Dj???[?}K????^??V\r????h???5o]?M>???%qV?8?c???kZ?$T?m??+Z??{?????6?????=wI???RE??USf?$??\0F???%?????u??x2A??%a??\\D?%jh?(?#?iOm??:<?L??cp???+gM?????t??~?Kf??6%|?\'	8N?\\?}?^mt??C?ed???zWs??*+d????1?a?i???U[?$J??%G??5y?P?S??X??sZ?\0??\0%cE:n??\rV/??%bMo?\'???)}????|?i???-,]~g?????[??aOl~??Z6??N?T?\0?*??????I?/?????nX???????[??????s:\"=kA???;??-?|?%K#\'?\\??}*?????????M??Nb.G)?O?jh?\0?N??v????D?{?\rf??t??V?|?=U?av??=f?G3$	l?\"O???2??J?x?=U??o?+2Hg?q??c??dhY\"???%???Sz???m?????U???\0\n\Z????\0C?o?j???\0l??????\0C??\r~?/??N?h???vZW????\0?u???-+?A??\0?:?o<?:?/???7??A?C???? }??Gÿ???????\0FV?????(????e?\0???5?=????????\Zb?Pz?^??Q@Q@? Yut?7|?N?L?????_??5?;??&?8??+?*????g/L?BsZ??????,Q\'???y????W\n0???v?)???=]\'???????j?B:??9z??o?????I?_?m?s}?M?{??o~?\0?j???\"????m?|??ilJth??S??-???)\0?n9??????&\n$W?????OWu+??X?r???+\n2M???w?X???+{????\\??}???TA?h@?O?*2?,??i?)OQM???2???sP??p_?l??0?4???O?b?o?W?nT?nH@?_??h?d?Uu)v?U?o>?????:??kgJ?g?\0?????T?M?{R?n^?9??J???%cA???j?????????W?.H???+?q??n~?r?\'?k????\r!????K?kvU?????k*?V?	?!?H?eXC??u?Q?\r???|{???????\0<??[?m??Nk??????x??~.??G?!?????????i??m?\0?Q???)?r?E??\0=}\'<%S??a??i??S??7L?%l??}h?p$?+???(s3???\n?\n?s]?QC\\m?n?}??c??N??c?C?V??,v?es?l?U?W??K[oJ??*{?d!?57B??k?mw?G?ThvW?}?#???D\n?|???w?;+Em??Z???r?????}W?gE??v???\\?n}??vZ????\Z+t?^?~???G??C???xHH?????zf???????~+?P?;?\0??h??w????F?\')??O???kK=?%tzm??????m????WO??O??S{???p??(?xy??%??s??_???B??]???\0?gM??????????W?????¨??\0=U??????,$?R?_iR?n??%??0?3*??|????[????T????z2=?Bg!?????<_;?M?+E&??\0?W7v?g??+???uÜ???~~?^??{d???\0????{{?\09?~??#2K??????????????7??\0?\\\r?}???|_????????t????J?\r???Xbkr?=S?1?j??U?g?x&?]7??&???)??9???z???O??Gb???6???D?,J??%tR??????%Z??^K?+r?E??zU_??\"??r????Hd??G?4?d???\"?W<>??J~??\'??2i????V6???]???-?#?\0a??O???\\????˜?\'?~??~?|?Gz?L??Mj??<N??F?\'3??GAc?mO5*+?. ????j?l?W?q3??^????Hô???=S???]?et6?}???5??X?+RC?+?}???V?*?????<1f?;+??s?m02o????lw?&?]???\"??\ZKe?%{???x?L????]?],?n???.x}{?i?H?fS???<\n??@??4?g????t??l)?gh???N???7?Yw???Qm??#?tpYK??U?}??%`????????????H_??z??b??~????~O????K;??J?????&?????\\???4????n??]4??%?v?[w@?s?o??T?/?@?G????h\'??J??A???s???+\"?+y?c??T?s??o?S?V4??7?k{QYl????Vth??\0%I???o?????,??A\'???\0r?iK??\r?????\0C?r?_?+????s????k????s?6^??i_??????y????|l?????\nj?P??????\Z>???\0%\\?\0????2????~(?\0?G???#/???/????????\r?????????P(??\0(??\0?@??\\n???\"?Z??[\\???+????l???;3??0&?????^}I????WR?y?\"????	????F???????\\??D???8?P?7?\0U?|L?<?c???n>u???n??)??y1\"?#W????z?:?I?i?K???I+?9D??B?}???~v???w=p?u??%?*??!?????????W?E~}???x?z??????9?????b??????W?t?b?J??5<?*	??Q9?d?QR???+??????%K?U????g?2??v*B5?A???WY^??h?F+?z?p???<9??v?.?T??eY?5?o??;?D=?I?F?k??r?j??^D???V?7?j?????O?\'?????~?j?Nx?|?????fK??q??r???^v??R_?J??\n??r?X???Iq/???^?????k?????A4???\0??\0??g??w?7R?\0}?<\'???Ng2????i???Vd?%????[?????<O?ok-?????jdJ??^[*?_et{`?;?\'??????;???,?{?c?yI?+??:GD?\"????5J?[??+?????y????\0Cz?.??G?35+?????=?F?W?:?tk?????N:????D?e??7?Z?l???t?\0??_9?P?C?A\Zo??x?+???\0=s7??????x;?3|???%,4??????M?+J?_??[?Y?,;>J?-o????-?M??q??]???J?V???????4g?e?T?V??^??K?lIk?????Q??K?\0~?????9???\'???4??????pxz?T?+7\\?????]?3??L??y??\Z?	?+???<Kk\Z#?;?W???	6<OU?+W?O????b????\Z???Z???\Zl???Y????o4?_??j\'xB_i????GG?\0~?????m?UD????4?tw??^{????.???8f5??m?Ns?m+O?(?}?WM??????_?2?????E+????>\n????yW???????c?9??<?vJ???q???????????s???*|?\0?_Y?k?V??]?l???????\'?Kt?v??:?#h?;??U?.iV?b?g??S?\'?\'??Im???????.r?s??gC??????A?<O?%P???-?*??}M^??2*???Y?f????????}?7?7R?I?{z?qy\r????? ??	bT???[??Z?/??G?d?X??|Ze??????\"T?{?ya???#??$?Y?IkM?????+b=M?_#???}?????uO?\\??i??D???????????f???M*??xkOH?<?s??\rx?W?5	??f????jA?7?V??{?f??%??qWg?\r???k???}C{???\'???\'???e,Mr????G?-v\0????\0t????sE|?7??{?Kgkkm??7??K\'?ZU9?\\g?y?????W1?Io???W??L?,???u?M?+??\0?{mE?>???L\\??I?Z????\\?o??Uh????v?\0~??????D?????!??tQ2\n:?Z?=???W?)%??X?M??s?E+H????p???%$?\Z???j}???B?????r?G?#\\?w??F?Bc??PY?}?+XL?R???????+???????\0?*???????B???\"?Uk???zl?+o??UDk??+kJ?h???KimS?n??-O{??}?UQ;?$kM???%????\0lz?|?????5+;)??|[?L?_???~???é???W???J?a}???)? ??~?f{7?.~??<?K??b??\0??]????????????\0?\0????J??O??????d??-+?A??\0?:?d??-+?A??\0?:?o<?;2/???7??A?C???? }??Gÿ???????\0FV?????(????e?\0???5?=????????\Zb?Pz?^??Q@Q@??|?Iw???\\t?{???E?b]??I?\0L+???????#??j???cv???Ec??D???0??w<??Wy?ym??)&?tGz????????%?J?(??[?!??{u??cu+E\r?1Z???S?>8??T?Kp?\0fw???=??}??*???????6n?!??m??_????c]]|??[tB?j??\0??#????Y?i??*\\???gX??N?=? j?]?Y???Q^??\Z??6~?? ???Bs[y?s?>O?Q?????$???_J?R6??s?\"???[?IVP?)?-;}-lQ????P???W}C*??7?8@??~??sR?Xo???y?V??7?cB???J?\0?J??[?)?\0???=?s?k???E?*0??ax??Z??\\s???k9Y>?\\g????\'3Tu?T?(?\\?b?m???t;?k?????????D?\\????q??\"???\\?..???O??^?,C{?J??????=*Ua??W?oken?\0s??x??ro?7?k???????h????J?[o???>?<<_?p????;?RA?????o??????=?}?J??I?3?????=W???{???\0#?z??/6j*????J??Qy;???\"?;<I????M??U<L%D?:=5e????=?.?U>???\0g??[?\0t????J??[??d?u???+?WG?i?R???:R??:??[??8%?/?58????5?t?=x??yq???^??^\\,)p?ew????u????\"?>?????~w??h2????}????9??.?M????\0T6WvY????a#??i>??X#?[%G?B?\r???]????{?X:$_;????=Al????z????OR_	?k:zy??:l??iI?Ug??d?%z?mov??V??C????F??+\'\\??s?}K????;??7??????+r{??q??\r?\0g??????\0}o??w?I??}?*????/?O^?c??+?xsOM1?[?z?o?!???^??????+R?&?u????s?\r?t??Z???*[??J?????k?7??0??W?h?V?qq?u????JM?T?*??;???????/???7g?p???h??\0??Ka???\0$?????O?l?>?????\'??[oI~J?????hx5?x?V>m?????[??p???X>;????_|??6W???????/bG???????5[??M???0??8?_???y??????W??????a?????i??.u?J?b%m*?U??\'?:F???l?\Zl^@?/?W???3ot???S?k?+??C??|?????vo?/???F??O???}Z?u?????6???????;]?nR??b=A????jZ?ya??gp???6??????\0??K?\\o??S??G???=>?o???C.?\"??m?\0?^??/?Pxo?^n??l?>??3??i2=A?????&D??????=?*? ?k??K?4??_?Zg???[??[k=??+???c???t?^?\\?e?q?A???Q???z??.??\\?????Z??-??\"?d.??V?5W???T?I???????A??<??^A??o#P?*?n^?_KK?nh?????l???.?g??S{?A?}q ?w?????4o?(?????[?H?z??>x{?:?????z??yRj??v?+jM?>????W?G??a?\0`?j_???%??E??g??7?_i}?~?????*TWp\"????b}?B???I???Z??y????<`?????\rn??3???k?????;?O???E????b????\n&h?a????N??w?,P?Z?W?????w???*S??/2?<???!?7??AQN?\0\'O??3?j?F?=?G???:??%??\0U??????6???^$??z?S2|^??7gG??w??hw??????:k??^?Yn,?n7????OT?,??????\0?_?\0C???+#???o??d??a???D??|D?\0{F??\"K?-+?A??\0?:?e?]???\0 ???~7?	???j?P?????\n?p??>?\r??????Q?????\0?+?kw????}s??2?\0????\Z?????????G??1Z(=h?H??(??(???.?<C?q?NF????J??õ??q?oY???g??3KK?s??%Y??n???.v??Y7???q?aP?ws?RD?7?=??????kIr?\0?Q|?\0=s?????????8]bw??\'??u??\n5?_???W?^ ?O???>\\???o??Lp=~{??7?B?T??K?6o???}????H?}:?U*????Y?C54??+cJ???z??@X}???`?????B?9??_???c???C\Z??)?{ta??b??&*???S??\'VN?3???	\Z?(?`V\\????R???jx?Ff????@	#>>?U?????A)%^+1@?^???oa????_5?}aZ??+??sJ?u???`????(@??u?MOA????\"?????7y?L?????x?g???[?D??????]???-?y>?x?2|???W?;?sQ?r??R???FT?g??A?H\"fE?\\^?????w:$???L=^|A?xZ\'?~???e?>}???????\0~?????+]????~?u??z??/???e????3>?z????ys?ySmE?[?k???xT[?????????=\"X?|?}3Í?????F?}c?GJ?q7?s???%??\0b???{?>????u\Zo???????7^???????+B~??:?R??ZX?xwY[????b?nl?C??}?\0>??|L??Y=?UO???q?N?.???\0%y?J????N??\0h??T??X,<????=??~??y}aj_????>?v??g>c??#à?n?????^(????_\\??uo6??\0??????Pxi^U?.???Sh???N??????lq:&???6W%?bXQ??]?????}&\Z?>?>?9Ng?R?f??[?i?n??_\'?W?+4??xvV???/?]???!???­nC????*??\0~??GH??b?7Z???%Sb?!m???\\???eQ??=^\"a???a?Y?[Y5??????W??tG?Q+?????k\'Y????????i???6o????2E?_k??????\0??ty	?s??????\\??%?\'??u?e??Ok[???u}æ??e????L??????<q?!??\n?,_~gD??\Z\Zx???<?GGz????M+?vb??K???\0|=x????mB?[??uq?x1???????? ?,Z???k?\0Z?????\0g?r?\rW??:\\\'??????-;??V[???z9?Y???0??t?:?I?>t???!??o??lg?p??\\G?Y?97&??????}?????b?.???O??g?+?????&W}?\\?v?m?}????????|??w?z??????????z%s?hz??????[z-??}?????+?3??Z\'#??qmx?|???Oq}e??k?g?6??xb\"???]5??0??5(4????\0o????x?????x/???5<?bM?\0=ve???s?[?^???T[?\0???_?ot?X?G???????1K??W?]\\?bG?5???!\Z??.c?q?Z6????oJ?x1???tt???ccigx?N??+??g??h?g?]9??R?C?????71Z/????O??I???y{2W??????U??t^\0??????????5I????<?S??c?????G??bW?i?-????\'???p?-????ocE?????j?Xs?.???&??Y?A?j\Z?-?o???/|\"??Dyb??\0\'?W??W????\\E?u?9?G????.x\r?4?dK??X?F?eux??]G?mm\'?R[x??????V??*W????˜?d}?N?I???????????wM????]@?)??????|??qA2%Z?v\\??\n?\0Fww??T??????=??oiW?]}oGy???\\U??S+??s??????\r????O??V2?\0???y	???\0~?$?z|?\0~??s?????#????>?\0?+????O??d???????GT5ti>????????>K?W?w?wz???K???U?o?c?d????V/??J?:??:???????m??o?wJ??\0^y?p?\0\'??j?tG?3?:???????}?!???????X??\0???\0?:?=?>6??N?????\0?????_?q????????$???-+?A??\0?:?d???-+?A??\0?:?{<?;2/???7??A?A?\0T+???\0?@?<7??~(?\0?G???#/???/?????Q?????\0?+?k?{(?\0s?Ce?4?=h????#?\n(??\n(???D>#?????q??O?}w?9?v???\0L??O/?J?<O??????+?z??6o??X???er????ey?1??\'??O??`x?T?g?3????\0??e?}??r?w^\"?\0?^????z?? v?bO?w?I???H?????\rbuZS|?\0?\n?;VN??I?V???Y???\\?\'?-6??d??????????u??5a\ZZT???=E???~?^E?_A???sLT??F??#|???????%A???????$?`$?DmC??m??,L???j?>jX???\0,?1????Zl??Z?????#R?75[uHM.?Y?m?U?n*???YT(??(?.??I?u?}u???z¿???~?E???}?????~}?????+?????)V?6???Z???¥\'??7?\0???}?\0jV?].???[E+=x??w?3????X?+gC?P?J??|A?J??|?^???]5;T}???^cG9?_?}???[\'???\0??W???|l?????/???%?m???g?n~|g1?({????S?o|?G????\rV?[???%f???nu???|??\0=}??E????~?l???9????x??.??F???\Z42?W6??A?~???y????}K?X?????\0R?Ø??B?Z<?M?)b?\0?a?7??ex??=Y,???T?:??1?<>*x???x?????\\;???\0n?z5?(r?(?????o.????\0??=???C???]???x?x????z\r?Z?%?O,??\0?\\uhO????\0??3F?.?s?2<????=Is??????\\?????C???$??z%???`?E??z?\\%Z??f?|$?Ao???wy????Y??	Q]??7y???\\???z?U8B?G|&??e?7??L^+??V????F?d?wa??9CZ?4?o25S,??Q\\O^????s?i`?????????p?\\??Wq\r?KPN?>?_}Z?!?6?[?(S?_=c]?}?|?%7??\'???hs???#??7?g?|??n0????\Z????\0???	?>#??$_}?;7?>??\0~j????s??????;??\\?iF+?K?????6?????????Z??ys???i???7S?Y??R?tD??)??+????C?L?????r?>???T,W^???K??=?4??bl????????d?M??\0?+?ZÔx\ZS???????Z???\0???|C????????yO^??K??????|???1?-???b??h?\"Dz??c?C?7?N?L???;??;?q?\0\Z`{?6\'J??5?C??k?[>?z?Z?????h?)c`|?$?y.?l?v=Z?n-%?]\"twJ???K4{???R???][????p???nH\n\\?????????VO/?O????????\'?z?O??\Zg?l?\'tM?+??4E??\n??I??W???s??\"???\0?\\D??????G???Wo??\0?N?\0?f)?~?p?%z?h????9?L???|?*]?7?+?E??:V?\0?t?*???>?y??O?:>?J??e??!>s??$??&??x??E?`K???O??\\Az?*;?u~1???]???e|??8b???.S?~1N?76^ ??y??\0?X2x????+}?????Ww>?Dy]???Wo??CI|1????}????*U?*???x??&???????r?P?:~??iv??????????av?\\?_-???\n??oxQ????????ik:d?z?W&?\0+?z??q???????o?WzE???w???eX?gF?=??|?????????????\Z?n?]U./????????O??|??|{??jq?\0?::%{8??Q?*?#?&??{I4o*WD}??_???D????????B??7?T^\'?????????}?0X?R<|F\"u?O????????6%z?w-<j?>??+???\n?%???W??>???\"?????[+??v`????b???b????/??\0????\\/??W??{?/?V??)???:????6V??F??*?1g????Ud?u}?+[lM??9?&???1??>>t?c???A?\ZT???}?P?\n??^k?????:???w>?????M??1???\"_?}W?]??CY??[??}???U?\\h?r?*?Y?|?>???Z?I?{???mg?0?c?7??\\j????J??\"y/???z??v(?0?c??????=????\0C?????\0?X????????\0????[???\0r? ?g??.mY?%?]???\0 ????q????I?\0?|_??(?????/???AA?\0PhN???\0?5?`?? }??G??\0????????\0FV????/?(????e?\0???5???????r??\Zb?Pz?^??Q@Q@?????\\?/?x?_$??_?_f?}??{?u??k????\\?\0z\Z@?<Am?[??\\????\0?]E??????V??d?\\L?s???\Z?/????\\??&?\0??z{Wd???L????}?\0???F???6??o?I\"G??w??????O??8s\n%?v?m??y??V^?cp?|?]??4????(a?3R]6????F?H?S?????^?\r?.q????_?d?J?H?f?S1$lu??n9?F?j ??0	???glGU??I???l?(?^)??!?O??????+??\r?????T?NkF?=?hL??\\\'?PH??\\?j\"???s?|??M3?+V?Ni?7?\\??o?5?j??]????5??+??\nF\\???R???Oy????S???_D?:S?_<????C?\'N?<?????l?k????|??????+?8??4?u9W?=?Kkz???[??<?I??f}?+?1gH??h?%??<I?\"t????W??j????H????^\n??U??(???Q????W	?????)?G/?>g????__??q&?+g\\???txn-?\0??????~?.>?\0???}?F???erR????*?S???O?H??Z?jK??e???O?^g??>???x~\r3?[??????y?????;	nf?\\???W?U??[=?W?x×??????\0?????H?:={?)??4?3??W??>??\0?[????@??Dww??]??\0???sS?Y?xbG?_??+?Y?$????????`?????y????Q?Y??-???w?/???>?%???_?z?i?i?x?e????S5A?	?W???J?5=j8H=ì?}?u+???J??yk????jv?\Z?]2_?*??u?i??????[?ua?J???????#????????v?;o????(b}??JX????\0??\"?????h?o?62???n???0??>i?1K??2|??Ko?jH??\\60#????w?]?-7s???o???#|?bu?????O?p*?qX????>S???????\0?^w?Ec3D??Z???????a??J(????Vz}??z?????v?w?\\????l???f?Q>D?\n??kXN??OG???hw????\0?????H?k=????????k????5????7=R???u??4??Y\"??8*G.jq7k??>?i???l?\n????]??K?y???l???An???????Hx{O??-K?v??n????????}Zg???v??c?Gz?3W????}?\0>???@??w?ji?l?>z???r??K?o??;0??p???A?????T????:{h?bw???O??m?????o??7\Z??]????o?W+??/x?=??a?v??~??K.?&????G?????\0?OY\Z?Ax?k??W|>????7?u????g??c??????_dD??{I??\\????TD}??_6x?\0U?/7?n???>?ixsP?.o?7?\r?l???N#JW%?v? ?t{=bX??G}?\0??K??hi?cG?)]?\\????N??7??eu?8?X??f.?V	R??w??\0?V?_\ri??6??+?w?sh?$??]&???V?\0??uiC\r_?9??j_|0???5=>T??+??t?\0??T?h?\0Z?]?<C{????k??F?!??q?_?=??z??\0\"W???¥k???D?:?x??w?????]o??g-??-?????????+?^????\n}??~????<??]???C?H?>1jv???iq?\0	??¬?h.?\0??\\_????,^l??r????j?}|Ve????\0t????_?Kw??o??L?????{Y|1n','','','','','','','',''),
 ('2012-02-24 08:54:54','',0,'',667,45,'flauta','5600','0.19','15','5610.64','10.64','6452.236','25','161305.9');
INSERT INTO `SiPAS`.`facturas` VALUES  ('2012-02-24 09:00:47','',0,'',668,45,'flauta','5600','0.19','15','5610.64','10.64','6452.236','25','161305.9');
CREATE TABLE  `SiPAS`.`proveedores` (
  `nombre_proveedor` varchar(30) NOT NULL,
  `direccion` varchar(35) NOT NULL,
  `telefono` int(11) NOT NULL,
  `fax` varchar(20) NOT NULL,
  `id_proveedores` varchar(15) NOT NULL,
  PRIMARY KEY (`id_proveedores`)
) ENGINE=MyISAM DEFAULT CHARSET=latin1;
INSERT INTO `SiPAS`.`proveedores` VALUES  ('Santos Orias Abarzua','Andres Bello N° 138,IX Región',45,'045-270220','8.720.621-1'),
 ('Construmart S.A','Pedro de Valdivia N°0535, IX Región',45,'045-238400','95.511.460-2'),
 ('Sociedad Construcciones y Serv','Freire N° 42, IX Región',45,'045-214849','77.760.540-2'),
 ('Automotores Gildemeister S.A.','Prat N° 708, IX Región',45,'045-270662','79.659.140-k'),
 ('Difor Chile S.A','Longitudinal Sur Padre Las Casas N°',45,'045-337370','96.918.300-5'),
 ('Montajes Industriales Instalec','Pasaje Pailén Puente Alto N° 2662, ',2,'02-7519252','77.930.100-1'),
 ('Seguridad Vial S.A.','Tabancura of. 324 Vitacura N° 1515,',2,'02-2174215','99.544.740-1'),
 ('Lorena Scheleyer Sabugal','Vara of. 1007 N°687, IX Región',45,'045-217979','9.715.610-7'),
 ('Servicios  Prosegur Ltda.','Los Gobelinos N° 2567 Región Metrop',2,'02- 5958065','89.274.100-k'),
 ('Kampeg Sue Ltda','Av. Caupolicán Local 2 N° 110, IX R',45,'045-404510','78.753.420-1'),
 ('Sociedad Prestadora de Sistema','Ruta 5 Sur Km 677 P.L.C., IX Región',45,'045-519127','76.148.100-5'),
 ('Mediciones S.A.','Avda. Los Leones Nº 2589, Of. 31, P',2,'02-2429373','76.312.890-3'),
 ('Construcciones Montajes AS. TE','Antonio Varas N° 1566, IX Región',45,'045-234120','76.591.670-4'),
 ('Motos del Sur Ltda.','Claro Solar N° 366, IX Región',45,'045-324888','76.130.058-k'),
 ('Sociedad de Punta de Lobos S.A','Tajamar of. 601 Las Condes N°183 Re',2,'02-4696000','76.541.630-2'),
 ('Sociedad Constructora, Comerci','Mac-Iver Padre Las Casas N° 930,IX ',45,'045-939879','76.157.546-5'),
 ('Apsa Ltda.','Eduardo Castillo Velasco Ñuñoa N° 1',2,'02-2055927','78.886.810-3'),
 ('Gustavo Andres Ochagavía Urrut','Prat of. 801 N° 847,IX Región',45,'045-290300','7.003.119-1'),
 ('Asesorias Juridicas Ochagavía,','Prat of. 801 N° 847, IX Región',45,'045-290300','78.642.580-8'),
 ('Empresa de Servicios Externos ','Diagonal Paraguay N° 29, Región Met',2,'02-6852921','99.579.260-5'),
 ('Tubosider America Latina S.A','Av. Presidente Kennedy of. 801 Las ',2,'02-4303700','96.822.970-2'),
 ('Prefabricados de Hormigón Grau','Las Acacias San Bernardo N° 02316, ',2,'02-3774900','96.927.190-7'),
 ('Cruz y Davila ING. Consultores','Augusto Leguía Norte P.2 N° 127, Re',2,'02-3702600','87.930.900-k'),
 ('Tecnoviald S.A.','Lote D Parcela 9 Santa Ana de Chena',2,'02-3510800','77.086.090-3'),
 ('Jorge Andres Zuñiga','Portales N° 1960, IX Región',45,'045-212718','11.276.722-3'),
 ('Patricio Carrasco Schleef y CI','Hermanos Phillipi N° 1496, X Región',64,'064-325355','77.235.170-4'),
 ('Asesorias y Servicios Uperline','Psje. Olga Sur of. 301, Las Condes ',2,'02-8331943','76.039.566-8'),
 ('Amador Correa Salas','Zenteno N° 557, IX Región',45,'045-277799','5.932.604-k'),
 ('ISS Facility Services S.A.','Santa Clara Chillancito N° 2742, VI',41,'041-2623700','89.026.000-4'),
 ('Jose Contreras Alarcon','Rudencindo Ortega N° 02550,IX Regió',45,'045-314118','12.930.459-6'),
 ('Operaciones y Servicios Terpel','Ruta 5 Sur Km 866, XIV Región',63,'063-247973','78.780.780-1'),
 ('Carlos Lberto Ravena Gutierrez','Corvalan depto.32, IX Región',74787571,'no registra','13.624.487-6'),
 ('Trener Ltda.','Lautaro of. 302 N° 1106 IX Región',84398897,'no registra','76.008.469-7'),
 ('Roland Von Edelsberg Uribe y O','Francisco HochN°590 XIV Región',98220870,'no registra','76.699.240-4'),
 ('Renato Patricio Mendez Sandova','El Mirador N° 02610, IX Región ',63200050,'no registra','9.826.624-0');
CREATE TABLE  `SiPAS`.`revisado` (
  `id_check` int(11) NOT NULL AUTO_INCREMENT,
  `id_cargo` int(11) NOT NULL,
  `numero_factura` varchar(15) NOT NULL,
  `valor` int(11) NOT NULL,
  PRIMARY KEY (`id_check`)
) ENGINE=MyISAM AUTO_INCREMENT=63 DEFAULT CHARSET=utf8;
INSERT INTO `SiPAS`.`revisado` VALUES  (1,1,'849',0),
 (2,1,'847',0),
 (3,1,'848',0),
 (4,1,'847',0),
 (5,1,'848',0),
 (6,1,'849',0),
 (7,1,'47546',0),
 (8,1,'815',0),
 (9,1,'814',0),
 (10,1,'418123',0),
 (11,1,'238',0),
 (12,1,'2278740',0),
 (13,1,'2196809',0),
 (14,1,'2275302',0),
 (15,1,'11324',0),
 (16,1,'2835',0),
 (17,1,'2390',0),
 (18,1,'901',0),
 (19,1,'899',0),
 (20,1,'900',0),
 (21,1,'572',0),
 (22,1,'571',0),
 (23,1,'2313',0),
 (24,1,'16321',0),
 (25,1,'16323',0),
 (26,1,'1430',0),
 (27,1,'19484',0),
 (28,1,'19464',0),
 (29,1,'699',0),
 (30,1,'595',0),
 (31,1,'594',0),
 (32,1,'158',0),
 (33,1,'549',0),
 (34,1,'8820',0),
 (35,1,'2281406',0),
 (36,1,'2200274',0),
 (37,1,'2283304',0),
 (38,1,'6803',0),
 (39,1,'357328',0),
 (40,1,'552',0),
 (41,1,'903',0),
 (42,1,'21522',0),
 (43,1,'178473',0),
 (44,1,'277',0),
 (45,1,'6811',0),
 (46,1,'6532',0),
 (47,1,'3138',0),
 (48,1,'3137',0),
 (49,1,'481028',0),
 (50,1,'17031',0),
 (51,1,'17032',0),
 (52,1,'2912',0),
 (53,1,'8113',0),
 (54,1,'8110',0),
 (55,1,'1453343',0),
 (56,1,'978',0),
 (57,1,'977',0),
 (58,1,'976',0),
 (59,1,'19492',0),
 (60,1,'19492',0),
 (61,1,'7',0),
 (62,1,'2284599',0);
CREATE TABLE  `SiPAS`.`usuarios` (
  `password` varchar(10) NOT NULL,
  `login` varchar(20) NOT NULL,
  `nombre` varchar(30) NOT NULL,
  `cargo` varchar(30) NOT NULL,
  PRIMARY KEY (`login`)
) ENGINE=MyISAM DEFAULT CHARSET=latin1;
INSERT INTO `SiPAS`.`usuarios` VALUES  ('jojeda','jojeda','jojeda','adquisiciones'),
 ('gdellaross','gdellarossa','guillermo dellarossa','servicios_generales'),
 ('fgallegos','fgallegos','felipe gallegos','mantenimiento_vial'),
 ('cramirez','cramirez','carlos ramirez','jconservacion_rdr'),
 ('fmolina','fmolina','fabian molina','jconservacion_rda'),
 ('ccadenas','ccadenas','ccadenas','prevencion_riesgos'),
 ('nmorales','nmorales','nemesio morales','jaus'),
 ('rsoto','rsoto','rsoto','sistema_soporte'),
 ('jricardo','jricardo','jose ricardo','gerente_explotacion'),
 ('fdelamaza','fdelamaza','Felipe de la Maza','subgerente_planeacion'),
 ('jceysaguir','jceysaguirre','Juan Carlos Eysaguirre','gerente_tecnico');



/*!40101 SET SQL_MODE=@OLD_SQL_MODE */;
/*!40014 SET FOREIGN_KEY_CHECKS=@OLD_FOREIGN_KEY_CHECKS */;
/*!40014 SET UNIQUE_CHECKS=@OLD_UNIQUE_CHECKS */;
/*!40101 SET CHARACTER_SET_CLIENT=@OLD_CHARACTER_SET_CLIENT */;
/*!40101 SET CHARACTER_SET_RESULTS=@OLD_CHARACTER_SET_RESULTS */;
/*!40101 SET COLLATION_CONNECTION=@OLD_COLLATION_CONNECTION */;
/*!40101 SET CHARACTER_SET_CLIENT=@OLD_CHARACTER_SET_CLIENT */;
